id,first_name,last_name,address,city,state,zip_code
1,Suki,Wrefford,73 Springs Alley,Peoria,Illinois,61629
2,Viole,Snailham,60 Larry Way,Lansing,Michigan,48956
3,Herb,Wild,5 Dixon Parkway,Washington,District of Columbia,20409
4,Ferdy,Le Barr,34828 Jana Pass,Milwaukee,Wisconsin,53285
5,Valentin,Adan,12890 Buena Vista Street,Battle Creek,Michigan,49018
6,Flem,Harrigan,70 Marquette Plaza,Inglewood,California,90305
7,Nester,Gianetti,530 Comanche Trail,Houston,Texas,77250
8,Stevy,Backshaw,3194 Del Sol Street,Independence,Missouri,64054
9,Gavrielle,Gawkroge,4 Dennis Parkway,Pompano Beach,Florida,33075
10,Constance,Ludvigsen,13 Buena Vista Trail,Frankfort,Kentucky,40618
11,Rosanne,Collisson,28661 Rockefeller Street,Mobile,Alabama,36622
12,Isidro,Millbank,865 Jenifer Center,Columbus,Georgia,31914
13,Olga,Shrimptone,6182 Schiller Road,Lincoln,Nebraska,68531
14,Maxwell,Witterick,063 Fisk Lane,Tulsa,Oklahoma,74141
15,Gauthier,Obee,840 Rutledge Road,Washington,District of Columbia,20508
16,Teodoro,Cottee,46 Hovde Circle,Lexington,Kentucky,40505
17,Myca,Truckett,3 Dennis Circle,Brooklyn,New York,11215
18,Slade,Jaumet,686 Hudson Drive,Escondido,California,92030
19,Herman,Attrie,030 Gale Crossing,Athens,Georgia,30605
20,Vern,O'Halligan,76209 Clyde Gallagher Place,Oklahoma City,Oklahoma,73124
21,Ola,Effnert,8 Waubesa Point,Jackson,Mississippi,39210
22,Herman,Dron,68330 Wayridge Drive,Hartford,Connecticut,06140
23,Bennie,Casaletto,51 Sommers Center,Savannah,Georgia,31422
24,Carmelina,Greg,4833 Ridgeview Parkway,Abilene,Texas,79699
25,Iseabal,Kingwell,46496 Warner Crossing,Milwaukee,Wisconsin,53277
26,Hussein,Schowenburg,48515 West Terrace,Lincoln,Nebraska,68505
27,Annalise,Kubista,198 Gateway Avenue,Vero Beach,Florida,32969
28,Alena,Bakes,396 Marquette Plaza,Stamford,Connecticut,06922
29,Pamelina,Rowett,001 Huxley Point,Homestead,Florida,33034
30,Wernher,Kernoghan,682 Kedzie Point,Bronx,New York,10464
31,Gussy,Baldack,94 Clove Point,Meridian,Mississippi,39305
32,Rivalee,Barbary,2390 Eggendart Point,Maple Plain,Minnesota,55579
33,Angie,Wearden,7 West Point,Long Beach,California,90810
34,Russ,Franke,94234 3rd Park,Portland,Oregon,97240
35,Vincenty,Pavia,80 Anhalt Place,Miami,Florida,33233
36,Rutherford,Asipenko,98413 Thierer Alley,Las Vegas,Nevada,89135
37,Delmor,Smithson,8 Gina Court,Memphis,Tennessee,38131
38,Veriee,Vales,9892 Shelley Avenue,Albuquerque,New Mexico,87190
39,Curtice,Verillo,6635 Pine View Plaza,Apache Junction,Arizona,85219
40,Lurlene,Ivasyushkin,4 Oakridge Way,Madison,Wisconsin,53705
41,Sioux,Sessions,3 Arapahoe Trail,Asheville,North Carolina,28805
42,Ninnette,Seller,10 Clove Center,Akron,Ohio,44305
43,Thorny,Gullivent,60 Express Parkway,Bronx,New York,10464
44,Jozef,Mahon,17145 Carpenter Way,Saint Paul,Minnesota,55166
45,Beniamino,Fussen,4 Jackson Road,Saint Louis,Missouri,63116
46,Nonie,Vaneev,83 Banding Pass,Charlotte,North Carolina,28215
47,Aaron,Archbold,51244 Montana Center,Charlotte,North Carolina,28220
48,Tony,Breitler,7778 Oriole Junction,Richmond,Virginia,23272
49,Rikki,Treace,0 Arrowood Alley,Kalamazoo,Michigan,49048
50,Joey,Gleeton,5 Ludington Trail,Iowa City,Iowa,52245
51,Thain,Soulsby,7201 Randy Center,Los Angeles,California,90045
52,Max,Filipiak,69 Delladonna Pass,Louisville,Kentucky,40293
53,Randal,Troyes,61924 Banding Court,Cape Coral,Florida,33915
54,Lissi,Manley,547 Forest Dale Park,Salt Lake City,Utah,84152
55,Byron,Hugnot,6285 Oneill Park,Minneapolis,Minnesota,55441
56,Annabell,Winsome,04119 Schmedeman Circle,Richmond,Virginia,23208
57,Ansel,Waslin,71 Cascade Pass,Atlanta,Georgia,30358
58,Berry,Dziwisz,8 Moulton Place,Houston,Texas,77075
59,Shannah,Hillock,004 Monument Alley,Houston,Texas,77035
60,Dorothy,McParland,0828 Rigney Trail,Pittsburgh,Pennsylvania,15210
61,Quint,Serrier,8573 Grim Parkway,Omaha,Nebraska,68105
62,Pail,Linforth,1 American Hill,Atlanta,Georgia,30316
63,Isaak,Fellgate,6900 Hagan Parkway,Milwaukee,Wisconsin,53225
64,Kile,Dunseath,1485 Onsgard Court,Baltimore,Maryland,21282
65,Tobit,Chaves,33 Schmedeman Center,Charlotte,North Carolina,28215
66,Fernande,Anersen,17563 West Drive,Denver,Colorado,80228
67,Peterus,Roubottom,940 Jenna Court,Shawnee Mission,Kansas,66210
68,Terrye,Eingerfield,0358 Hudson Place,Richmond,California,94807
69,Leontine,Weigh,3 American Ash Plaza,Miami,Florida,33283
70,Emmye,D'Andrea,43 Hazelcrest Road,Garland,Texas,75044
71,Patton,Arnold,202 Acker Way,Jackson,Mississippi,39296
72,Gordy,Domenc,40886 Grayhawk Crossing,San Francisco,California,94159
73,Euphemia,Sketch,07 Schiller Trail,Saginaw,Michigan,48609
74,Laurice,Renfree,1284 Petterle Drive,Gastonia,North Carolina,28055
75,Junia,McLennan,7 Hayes Road,Honolulu,Hawaii,96835
76,Andras,Redon,24507 Londonderry Road,Dayton,Ohio,45419
77,Marcos,Medforth,983 Stoughton Lane,Corpus Christi,Texas,78475
78,Shara,O'Sharry,0006 Aberg Road,Philadelphia,Pennsylvania,19178
79,Fitz,Goatman,2 Rigney Park,Columbia,South Carolina,29240
80,Renaldo,Fareweather,96 Garrison Point,Greensboro,North Carolina,27409
81,Husein,Yglesia,39 Sunnyside Place,Alexandria,Virginia,22313
82,Lilllie,Pashby,13 7th Way,Washington,District of Columbia,20319
83,Kaleena,Shurrocks,7 Meadow Ridge Street,El Paso,Texas,79923
84,Addi,Conahy,3 Paget Plaza,Jamaica,New York,11436
85,Steffie,Mellodey,2840 Mcguire Plaza,Cincinnati,Ohio,45243
86,Elsinore,Jerrold,24 Morrow Terrace,Houston,Texas,77030
87,Rudie,Titchard,13 Huxley Point,White Plains,New York,10633
88,Gabe,Caveill,3188 Hoffman Trail,San Antonio,Texas,78278
89,Tony,Morales,1985 Tony Alley,Port Washington,New York,11054
90,Shena,Kobel,9716 John Wall Alley,Oklahoma City,Oklahoma,73109
91,Charlotte,Stoffel,744 Hagan Park,Charlotte,North Carolina,28242
92,Buiron,Paybody,8006 Thackeray Circle,Newark,New Jersey,07104
93,Cordy,Elvish,0 Fuller Road,Columbia,South Carolina,29220
94,Jarrett,Boarer,3 Thierer Center,Trenton,New Jersey,08619
95,Lettie,Mingay,04 Laurel Alley,Florence,South Carolina,29505
96,Bella,Ivanchin,7178 Morningstar Way,Omaha,Nebraska,68164
97,Maxie,Pollen,75027 Grayhawk Plaza,Alexandria,Louisiana,71307
98,Fair,Rowles,1365 New Castle Pass,Alpharetta,Georgia,30022
99,Thornton,Weatherburn,21 Autumn Leaf Lane,Fort Worth,Texas,76192
100,Emile,McNelly,868 Forest Dale Park,Chicago,Illinois,60697
101,Tiphany,Blower,9 Jenifer Drive,Lynchburg,Virginia,24515
102,Ethelind,Grinter,7 Gerald Trail,Dallas,Texas,75231
103,Sasha,Boddie,6789 Stoughton Street,Abilene,Texas,79605
104,Loise,Sheriff,99 Havey Crossing,Denver,Colorado,80204
105,Charlena,Weafer,02 Lillian Point,Salt Lake City,Utah,84170
106,Edy,Jonson,893 Morningstar Parkway,Arlington,Texas,76096
107,Jacquelin,Borlease,833 Mockingbird Lane,Anaheim,California,92812
108,Erastus,Southby,26 Summit Park,Flint,Michigan,48550
109,Maddie,Bradforth,88075 Green Lane,Richmond,Virginia,23260
110,Bonny,Lorden,97 Corry Center,Fresno,California,93721
111,Gregg,Stivey,39374 Continental Street,Dallas,Texas,75397
112,Chlo,Allett,456 La Follette Avenue,Billings,Montana,59112
113,Codi,Eye,02 Lighthouse Bay Place,Erie,Pennsylvania,16522
114,Jamie,Tarzey,071 Arrowood Crossing,Birmingham,Alabama,35231
115,Alfi,Bridat,2984 Parkside Hill,Clearwater,Florida,34620
116,Phyllys,Wythill,9702 Memorial Trail,Arlington,Virginia,22205
117,Nat,Leete,3998 Artisan Circle,New York City,New York,10249
118,Engelbert,Francescuccio,789 Talmadge Point,Colorado Springs,Colorado,80935
119,Meggie,Shaudfurth,9687 Service Drive,Salt Lake City,Utah,84170
120,Astra,Durnford,9 Reindahl Plaza,Tyler,Texas,75710
121,Shaun,Larkin,39969 Morning Junction,Independence,Missouri,64054
122,Standford,Oxenham,453 Coolidge Drive,Tallahassee,Florida,32304
123,Tildi,Southwell,995 Reinke Point,Huntington,West Virginia,25711
124,Gale,Breton,91571 Lukken Pass,Shawnee Mission,Kansas,66205
125,Happy,Anscombe,0823 Sundown Court,Albuquerque,New Mexico,87121
126,Paten,Pudsey,95781 Michigan Avenue,Fort Smith,Arkansas,72916
127,Mahmud,Faro,68933 Shasta Court,Charlotte,North Carolina,28205
128,Arnie,Stansfield,18432 Luster Road,Elizabeth,New Jersey,07208
129,Norrie,Saulter,18839 Schurz Road,Mount Vernon,New York,10557
130,Caril,Whittall,3 Vernon Alley,San Antonio,Texas,78255
131,Sidney,Ropkins,910 Thompson Center,Buffalo,New York,14210
132,Gay,McQueen,99727 Farmco Junction,Aiken,South Carolina,29805
133,Danny,Skaif,2812 Little Fleur Avenue,Savannah,Georgia,31405
134,Gerry,Melson,6841 Cascade Avenue,Lansing,Michigan,48930
135,Ennis,Scholte,09875 Southridge Drive,Pittsburgh,Pennsylvania,15279
136,Dorine,Buxton,612 Washington Lane,Flushing,New York,11388
137,Leta,McWhirter,69656 Maywood Lane,Baton Rouge,Louisiana,70836
138,Thebault,Crannell,65012 Parkside Alley,Jacksonville,Florida,32230
139,Lucky,Cotterell,1282 Vernon Street,New Orleans,Louisiana,70165
140,Elizabet,Rowles,14 Eastwood Terrace,Anchorage,Alaska,99522
141,Jabez,McHardy,361 Grayhawk Terrace,Corpus Christi,Texas,78470
142,Lavinia,Murt,86 Dexter Place,Champaign,Illinois,61825
143,Harp,Kenworthey,7 Melby Avenue,Canton,Ohio,44710
144,Joyce,Canas,4896 Harbort Way,Lakeland,Florida,33805
145,Rahal,Mingardi,24440 Lerdahl Point,Pueblo,Colorado,81005
146,Bennie,Elms,24407 Rusk Point,Lawrenceville,Georgia,30045
147,Corey,Zannelli,46 Milwaukee Street,Spring,Texas,77386
148,Paulette,Vidineev,2 Havey Parkway,Phoenix,Arizona,85020
149,Leland,Hachette,4375 Leroy Circle,Allentown,Pennsylvania,18105
150,Peterus,Clashe,763 Gina Avenue,Corpus Christi,Texas,78426
151,Gael,Conniam,6 Westend Terrace,El Paso,Texas,79955
152,Wendall,Pfeffel,6 Norway Maple Way,Delray Beach,Florida,33448
153,Arda,Wintour,304 Sullivan Way,Des Moines,Iowa,50315
154,Fionna,Ruggles,4 Schlimgen Road,Topeka,Kansas,66642
155,Hollie,Cham,73775 Moland Avenue,Lawrenceville,Georgia,30245
156,Wayne,Carver,8 Sauthoff Point,Chula Vista,California,91913
157,Hayes,Cloute,7703 Steensland Terrace,Houston,Texas,77266
158,Norah,Kidstoun,18 Kenwood Drive,San Diego,California,92153
159,Roderigo,Lissimore,11 North Trail,Boise,Idaho,83722
160,Carlo,Creavin,95 Homewood Court,Minneapolis,Minnesota,55470
161,Abramo,McIvor,364 Calypso Way,Washington,District of Columbia,20470
162,Tandi,Pimblott,044 Charing Cross Plaza,Tuscaloosa,Alabama,35487
163,Winslow,Gytesham,06 Mcbride Place,Portland,Oregon,97271
164,Arlinda,Kiffe,2971 Randy Court,Appleton,Wisconsin,54915
165,Arthur,Inglish,0 Swallow Road,Dallas,Texas,75367
166,Amalea,Cloughton,44 Heffernan Way,Raleigh,North Carolina,27635
167,Fidelia,Collaton,96 Luster Place,Greensboro,North Carolina,27455
168,Edwina,Buckner,129 Autumn Leaf Court,Provo,Utah,84605
169,Dur,Ivantsov,027 Lotheville Way,Gulfport,Mississippi,39505
170,Lyda,Sarver,65 Sullivan Crossing,Sacramento,California,94230
171,Katrine,Carlisso,4 Schurz Road,Frederick,Maryland,21705
172,Wyndham,Gosford,8 Utah Road,Spring Hill,Florida,34611
173,Noby,Kinnerk,71720 Washington Court,Orlando,Florida,32859
174,Gwenneth,Noel,39 Jenna Junction,Charlotte,North Carolina,28299
175,Godfrey,Toopin,6 Dakota Hill,Orange,California,92862
176,Derk,Toyne,96167 Anzinger Place,New Orleans,Louisiana,70124
177,Erny,Anchor,1390 Hooker Plaza,Fort Smith,Arkansas,72905
178,Andrea,Uzzell,03674 Dixon Park,Seattle,Washington,98158
179,Tarrah,Gilston,6 Trailsway Park,San Antonio,Texas,78260
180,Ernst,Keighley,1 Pawling Lane,Newton,Massachusetts,02458
181,Joey,Dunkerly,72911 Everett Way,Louisville,Kentucky,40287
182,Bartholemy,Stanway,75 Hagan Court,Dallas,Texas,75246
183,Ric,Waith,7 Grim Road,Minneapolis,Minnesota,55487
184,Alejandro,Gorsse,68 Artisan Pass,Memphis,Tennessee,38188
185,Harman,Mongain,29600 Warrior Lane,Jacksonville,Florida,32225
186,Everett,Novotne,67 Village Center,Pompano Beach,Florida,33064
187,Jeanne,Garter,159 Hovde Pass,Austin,Texas,78789
188,Bobbi,Warhurst,1 Mccormick Junction,Charleston,West Virginia,25326
189,Rose,Cornau,7 Morningstar Terrace,Portland,Oregon,97206
190,Gwyn,Chartman,584 Anzinger Hill,Young America,Minnesota,55557
191,Robenia,Trevillion,01 Cody Point,Norfolk,Virginia,23504
192,Nelle,Maden,06 Lawn Junction,West Palm Beach,Florida,33421
193,Brigid,Tarn,960 Glendale Street,Hartford,Connecticut,06140
194,Halli,Belliss,98440 Bayside Park,Terre Haute,Indiana,47805
195,Sheila-kathryn,Hogben,4 Eastlawn Place,Newport News,Virginia,23605
196,Delia,Matuszkiewicz,4241 Paget Pass,San Jose,California,95150
197,Vidovik,Folan,1888 Buena Vista Point,Washington,District of Columbia,20436
198,Selle,Smithin,16988 Spenser Center,El Paso,Texas,88525
199,Helen-elizabeth,Wardall,62881 Luster Parkway,Sioux Falls,South Dakota,57198
200,Bronson,Pfertner,603 Red Cloud Parkway,Saint Louis,Missouri,63136
201,Wendel,Schuh,6749 Jay Place,San Diego,California,92170
202,Glen,Wych,768 South Way,Akron,Ohio,44305
203,Kimbell,Prise,202 Kingsford Trail,Dayton,Ohio,45414
204,Dirk,Duchasteau,349 Kensington Alley,Spokane,Washington,99210
205,Nels,Burndred,391 Moose Terrace,Des Moines,Iowa,50305
206,Will,Lawey,55606 Sugar Street,San Antonio,Texas,78205
207,Nelli,Tevelov,520 Schurz Park,San Diego,California,92121
208,Janine,Fidilis,16 Mendota Crossing,Las Vegas,Nevada,89140
209,Allianora,Pinel,69 Hermina Parkway,Bakersfield,California,93305
210,Flemming,Baythorp,750 Stuart Terrace,Saint Louis,Missouri,63169
211,Rodolfo,Richfield,49 Northfield Drive,Shreveport,Louisiana,71161
212,Maxwell,Blaszczak,9564 Marcy Hill,Arvada,Colorado,80005
213,Delilah,Skirrow,539 Esch Road,New Orleans,Louisiana,70187
214,Enrichetta,Gibson,25 Oneill Drive,San Diego,California,92160
215,Cleon,Linzey,984 Hovde Crossing,Memphis,Tennessee,38161
216,Josefina,Faircley,7 Knutson Trail,Denver,Colorado,80249
217,Libbi,Gatherell,5264 Carberry Street,Aurora,Colorado,80044
218,Rafi,Purveys,99 Mcbride Center,San Antonio,Texas,78220
219,Pearl,Bulloch,0 Lillian Place,Washington,District of Columbia,20041
220,Marven,Venus,053 Dwight Point,Washington,District of Columbia,20010
221,Cori,Beeswing,09 Bartelt Parkway,Boston,Massachusetts,02119
222,Archer,Keddey,6201 Union Court,Inglewood,California,90305
223,Cull,Walak,3652 Sauthoff Avenue,Anderson,Indiana,46015
224,Erhart,Standen,096 Roxbury Road,Schaumburg,Illinois,60193
225,Germaine,Scimone,15 Pennsylvania Avenue,New York City,New York,10125
226,Lelah,Foye,73970 Ridgeway Point,Waco,Texas,76796
227,Colver,McConaghy,02 Jana Point,San Diego,California,92191
228,Jocelyn,Bedboro,84205 Stang Way,Shreveport,Louisiana,71151
229,Catlaina,Graben,07 Laurel Alley,Honolulu,Hawaii,96825
230,Eldon,Agneau,05551 Rieder Point,Johnstown,Pennsylvania,15906
231,Terza,Sandels,361 Express Alley,Dallas,Texas,75277
232,Danita,Allington,2 Fair Oaks Trail,Memphis,Tennessee,38109
233,Gwendolin,Binnie,9 Judy Pass,Honolulu,Hawaii,96815
234,Al,Goncaves,89 Reinke Alley,Richmond,Virginia,23260
235,Harlene,Blampied,5257 Vernon Court,Springfield,Illinois,62718
236,Candie,Chimes,5830 Lotheville Center,Littleton,Colorado,80161
237,Pietro,Garratt,51 Bluestem Point,Atlanta,Georgia,31190
238,Grantley,Donaway,207 Glendale Parkway,Reno,Nevada,89519
239,Saunderson,Creighton,3 Arrowood Road,Lansing,Michigan,48930
240,Edyth,Rubes,925 Sauthoff Alley,Miami,Florida,33129
241,Saree,Scolts,30905 Northwestern Way,Washington,District of Columbia,20566
242,Agnella,Randals,2 Corben Parkway,Florence,South Carolina,29505
243,Allsun,Reidshaw,85507 Longview Circle,Colorado Springs,Colorado,80910
244,Fairlie,Pimlett,8 Gale Street,Monticello,Minnesota,55590
245,Richmound,Kirwan,67 Harper Terrace,Riverside,California,92519
246,Sylvia,Derbyshire,8 Garrison Junction,Saint Louis,Missouri,63131
247,Hamlen,Kaysor,2 Russell Road,Lake Charles,Louisiana,70607
248,Kele,Foden,76 Luster Crossing,Birmingham,Alabama,35290
249,Jeniffer,Weavill,91943 Dryden Center,Portland,Maine,04109
250,Tommie,Fitton,09 Maple Street,Boca Raton,Florida,33432
251,Jordain,Bortoloni,3 Waywood Road,Philadelphia,Pennsylvania,19104
252,Nonie,Lob,0098 Cottonwood Drive,Washington,District of Columbia,20310
253,Brandise,Bettis,051 Superior Junction,Fort Smith,Arkansas,72916
254,Susannah,Suttaby,38817 Golf Court,Harrisburg,Pennsylvania,17110
255,Kara,Scoines,82 Crowley Drive,Portland,Oregon,97255
256,Gretal,Lyddy,8584 Main Pass,Chicago,Illinois,60641
257,Loria,Slegg,1940 Derek Road,Hartford,Connecticut,06152
258,Mil,Luckman,94219 Montana Way,Juneau,Alaska,99812
259,Wittie,Straughan,40834 Acker Trail,Birmingham,Alabama,35295
260,Natka,Carruth,13 Bayside Terrace,Lubbock,Texas,79452
261,Babbette,Rosenfrucht,752 Reinke Terrace,Lexington,Kentucky,40524
262,Latrina,Penberthy,8 Lyons Circle,El Paso,Texas,79977
263,Anabal,Shelley,9921 Pawling Center,Dallas,Texas,75387
264,Daven,Van Dale,1 Melvin Place,Corona,California,92883
265,Hillery,Jeffcoat,851 Brickson Park Terrace,Charlotte,North Carolina,28205
266,Ginger,Vasishchev,39 Tomscot Terrace,Hartford,Connecticut,06145
267,Nani,Ganing,1702 Vidon Crossing,Rochester,New York,14639
268,Angelina,Hayers,89249 Kinsman Plaza,Dallas,Texas,75226
269,Sumner,Sheldrick,756 Moland Park,Virginia Beach,Virginia,23471
270,Harlen,Wathall,5009 Fremont Avenue,Pittsburgh,Pennsylvania,15235
271,Gay,Symmons,363 Monument Point,Rochester,New York,14604
272,Margaretta,Broggelli,94 Farwell Hill,Las Vegas,Nevada,89160
273,Janean,Raincin,686 Stephen Hill,Cincinnati,Ohio,45999
274,Jeffy,Willetts,98711 Lawn Point,Whittier,California,90610
275,Lina,Cayle,1384 Garrison Drive,Pittsburgh,Pennsylvania,15205
276,Dehlia,Kneeland,336 Paget Avenue,Lakewood,Washington,98498
277,Karyn,Seleway,6967 Del Mar Court,Albany,Georgia,31704
278,Alistair,Ughini,6800 Golf View Hill,Littleton,Colorado,80126
279,Missie,Blaksland,32 Alpine Terrace,Oklahoma City,Oklahoma,73167
280,Adrian,Althrope,5 Roxbury Way,San Bernardino,California,92424
281,Lissi,Henze,151 Eggendart Street,Trenton,New Jersey,08603
282,Stanleigh,Dykes,67792 Londonderry Hill,Oakland,California,94616
283,Norma,McTerrelly,2 Fairfield Center,Jacksonville,Florida,32277
284,Dave,Goligher,8030 Jenifer Court,Syracuse,New York,13251
285,Brittne,Fibbitts,5742 Grim Crossing,Wilmington,North Carolina,28405
286,Lona,Malyj,3 Claremont Circle,Erie,Pennsylvania,16534
287,Delila,Ryson,088 Oak Center,Memphis,Tennessee,38197
288,Verina,Bottom,309 Schurz Point,Dayton,Ohio,45426
289,Risa,Smedmoor,2 Schiller Hill,Dayton,Ohio,45454
290,Constancia,Dugald,32 Melrose Place,Philadelphia,Pennsylvania,19115
291,Frants,Dealy,06 Buell Hill,Columbus,Georgia,31914
292,Oralle,Sueter,03183 Sachs Avenue,Billings,Montana,59112
293,Mar,Tankard,4538 Del Mar Street,Jersey City,New Jersey,07310
294,Gael,Teasdale-Markie,18 Bluestem Terrace,Wichita,Kansas,67210
295,Kim,De Andreis,30 Jana Trail,Reston,Virginia,20195
296,Hardy,Kaplan,8590 Spaight Lane,Atlanta,Georgia,30316
297,Sissie,Gilfillan,697 Lyons Park,Evansville,Indiana,47705
298,Bruce,Sultan,915 Johnson Street,Albany,New York,12247
299,Garald,Kernock,53088 Old Shore Alley,Oxnard,California,93034
300,Flora,Bracken,14 School Point,Washington,District of Columbia,20530
301,Shelli,Van Oord,3 Pepper Wood Plaza,San Diego,California,92176
302,Valentijn,Di Angelo,538 Dapin Center,Omaha,Nebraska,68105
303,Hamish,Ingraham,350 Melody Terrace,Glendale,Arizona,85305
304,Callie,Sutherby,60035 3rd Place,Boise,Idaho,83727
305,Tine,Ramsbotham,6045 Sauthoff Parkway,El Paso,Texas,79950
306,Lark,Deverall,75358 Basil Park,Des Moines,Iowa,50347
307,Franciskus,Stump,33 Hoffman Trail,Brooksville,Florida,34605
308,Sybila,Duckerin,2 Bartillon Terrace,Jamaica,New York,11480
309,Kellina,Poulton,82072 Lakewood Road,Memphis,Tennessee,38197
310,Devin,Glasspool,07468 Center Lane,Tuscaloosa,Alabama,35487
311,Auria,Kelly,15 Corry Road,Chicago,Illinois,60657
312,Suzette,Wikey,503 Maryland Road,New York City,New York,10105
313,L;urette,Warrillow,202 Green Ridge Hill,South Bend,Indiana,46614
314,Morgen,Haw,42 International Park,Los Angeles,California,90081
315,Roselia,Ivashnyov,7 Oak Valley Point,Columbus,Georgia,31914
316,Jimmy,Macieja,60049 West Avenue,Cincinnati,Ohio,45213
317,Auberta,Feander,1794 Loeprich Lane,Birmingham,Alabama,35254
318,Mel,Wildman,2 Mallory Court,Winston Salem,North Carolina,27105
319,Carny,Pancoust,7 Colorado Court,Shawnee Mission,Kansas,66276
320,Anastasie,Filpo,26 Buhler Center,Miami,Florida,33153
321,Maison,Ladbrook,608 Thompson Street,Amarillo,Texas,79105
322,Windy,Conor,2238 Muir Point,Minneapolis,Minnesota,55441
323,Tobye,Coulson,7042 Waywood Junction,Port Saint Lucie,Florida,34985
324,Othella,Hannabuss,96048 Debs Plaza,San Antonio,Texas,78225
325,Eli,Rattenbury,94140 Esch Avenue,Chattanooga,Tennessee,37450
326,Durand,Jerrolt,5 School Trail,Rochester,New York,14604
327,Kaitlin,Burdass,750 Hallows Drive,San Jose,California,95108
328,Maureene,Fuster,0 Grim Center,Pensacola,Florida,32595
329,Gail,Boston,799 Hallows Trail,Cheyenne,Wyoming,82007
330,Karlens,Wakeford,395 Manitowish Avenue,Seattle,Washington,98133
331,Lula,Simmon,4 Schiller Park,Simi Valley,California,93094
332,Felita,McKennan,47430 Carberry Avenue,Saint Petersburg,Florida,33737
333,Cissiee,Longley,534 Pierstorff Drive,Tampa,Florida,33647
334,Donavon,Spragg,3804 Mcguire Plaza,Grand Forks,North Dakota,58207
335,Brietta,Belf,7 Kipling Road,Washington,District of Columbia,20425
336,Chere,Hartwright,63 Farmco Court,Myrtle Beach,South Carolina,29579
337,Kylie,Joblin,025 1st Place,Columbia,South Carolina,29208
338,Merv,Van Daalen,819 Gale Point,Topeka,Kansas,66642
339,Max,Tonry,2664 Southridge Trail,Springfield,Missouri,65805
340,Shayla,Turmall,4304 3rd Pass,Detroit,Michigan,48206
341,Alyson,Cushion,6 Center Hill,East Saint Louis,Illinois,62205
342,Brynne,Hinstock,536 Onsgard Street,Tacoma,Washington,98464
343,Theadora,Velte,85889 Orin Road,Charlotte,North Carolina,28235
344,Charissa,Lutas,1 Sullivan Crossing,Salinas,California,93907
345,Celene,Day,6 Glacier Hill Drive,Huntington,West Virginia,25726
346,Cedric,Dibnah,5 Rusk Road,Memphis,Tennessee,38168
347,Bernarr,Avrahamoff,9 Springview Parkway,Dallas,Texas,75287
348,Brett,Swin,82464 Michigan Avenue,Baltimore,Maryland,21290
349,Ysabel,Ivanitsa,14 Melody Hill,Sioux Falls,South Dakota,57110
350,Benyamin,Guilloud,0 Melvin Junction,Fort Lauderdale,Florida,33315
351,Codie,MacCafferty,7 Laurel Junction,Hampton,Virginia,23663
352,Jorry,Denisevich,9876 Southridge Avenue,Lake Worth,Florida,33462
353,Demetra,Filgate,067 Macpherson Point,Carlsbad,California,92013
354,Siouxie,Coen,1 Surrey Point,Phoenix,Arizona,85015
355,Rowen,Nettleship,2804 Green Lane,Kansas City,Missouri,64109
356,Afton,Sainsbury-Brown,157 Farragut Plaza,Charlotte,North Carolina,28210
357,Randene,Rahlof,44008 Dexter Parkway,Washington,District of Columbia,20299
358,Ralf,Bryson,0381 Gale Alley,Omaha,Nebraska,68124
359,Nancy,Quesne,4007 Manitowish Terrace,Chicago,Illinois,60614
360,Courtnay,Stallebrass,58 Cascade Drive,Washington,District of Columbia,20016
361,Allissa,Ramshaw,0 Bashford Junction,Madison,Wisconsin,53726
362,Jerad,Kanter,16373 Straubel Crossing,Indianapolis,Indiana,46202
363,Minny,Dreamer,13559 Vahlen Center,Scottsdale,Arizona,85260
364,Misha,MacCourt,295 Twin Pines Road,Charleston,South Carolina,29424
365,Nanette,Dax,62253 Marquette Trail,Hollywood,Florida,33028
366,Glenine,Sturgeon,2 Lien Terrace,Oxnard,California,93034
367,Radcliffe,Machen,544 Arapahoe Point,Albuquerque,New Mexico,87180
368,Hana,Ehlerding,11 Leroy Parkway,Chattanooga,Tennessee,37405
369,Aubrey,Morrad,560 Messerschmidt Road,Fort Worth,Texas,76110
370,Tracie,Dyter,1 Truax Road,Louisville,Kentucky,40250
371,Catlaina,Jenkerson,91 Marcy Center,Philadelphia,Pennsylvania,19120
372,Amby,Tomczykiewicz,97 Fordem Junction,Silver Spring,Maryland,20918
373,Dame,Sweatland,08524 Hansons Street,Birmingham,Alabama,35210
374,Vin,Rumbellow,77753 Roth Circle,Jackson,Mississippi,39216
375,Suzi,Polon,489 Lighthouse Bay Plaza,Winston Salem,North Carolina,27105
376,Doti,Tames,6 Sauthoff Court,Bonita Springs,Florida,34135
377,Bay,Connaughton,486 Hauk Park,Frankfort,Kentucky,40618
378,Felic,Minghi,0427 Upham Parkway,Washington,District of Columbia,20319
379,Robinett,Redsull,88 Haas Point,Lexington,Kentucky,40546
380,Maribeth,Tarburn,83160 Leroy Road,Buffalo,New York,14233
381,Sandy,Hallt,0977 Kinsman Crossing,Alexandria,Virginia,22333
382,Rebekah,Carthy,6 Londonderry Circle,Prescott,Arizona,86305
383,Lief,Arthy,61137 Bunker Hill Place,Independence,Missouri,64054
384,Netti,Jerg,11815 Eggendart Lane,Amarillo,Texas,79165
385,Elias,Ollier,37885 Schlimgen Street,Phoenix,Arizona,85077
386,Jobye,Tattam,2363 Helena Alley,Evansville,Indiana,47705
387,Kathi,Cardo,5590 Union Road,Louisville,Kentucky,40210
388,Aubine,Taylerson,6 Jenifer Plaza,Dayton,Ohio,45470
389,Leone,Dufton,0718 Nobel Center,Lafayette,Louisiana,70505
390,Costanza,Carnelley,0 Granby Way,Peoria,Illinois,61640
391,Amby,Murrish,9055 Fisk Hill,New York City,New York,10099
392,Hephzibah,Plaistowe,1 Lindbergh Drive,Houston,Texas,77025
393,Felicity,Dudbridge,09064 Canary Center,Sacramento,California,94245
394,Philip,Petegree,6 Lighthouse Bay Trail,Levittown,Pennsylvania,19058
395,Hayden,Pennrington,61851 Valley Edge Lane,Springfield,Illinois,62776
396,Jocelyn,Mackie,3650 Corry Junction,Honolulu,Hawaii,96810
397,Tanya,Howchin,77 Commercial Street,Atlanta,Georgia,30358
398,Randy,Falconar,5503 Ryan Way,Washington,District of Columbia,20535
399,Carlene,McPeeters,714 Fieldstone Circle,Dallas,Texas,75226
400,Crawford,Moss,78505 Lighthouse Bay Drive,Hollywood,Florida,33028
401,Wrennie,Caudrelier,39219 Novick Street,Saint Louis,Missouri,63196
402,Erek,Antoniutti,9946 Saint Paul Way,Muskegon,Michigan,49444
403,Dari,Buffin,14797 Porter Plaza,Daytona Beach,Florida,32128
404,Lowrance,Jopson,72 Kedzie Crossing,Sacramento,California,94237
405,Domenico,Edgeson,63 Derek Road,Dallas,Texas,75221
406,Lamond,Golson,7 Maple Center,Salinas,California,93907
407,Haze,McCarney,1 Armistice Center,Colorado Springs,Colorado,80940
408,Garvey,Tailour,7806 Lyons Alley,San Jose,California,95138
409,Allys,Jay,2 Northland Point,Columbia,South Carolina,29240
410,Cristionna,Surcombe,626 Little Fleur Alley,Las Vegas,Nevada,89150
411,Nesta,Pringer,37 8th Terrace,Pittsburgh,Pennsylvania,15286
412,Sauncho,Balfe,6279 Delaware Center,Cincinnati,Ohio,45238
413,Laina,Considine,15909 Portage Circle,Minneapolis,Minnesota,55428
414,Greta,Cash,304 Vermont Park,Trenton,New Jersey,08638
415,Waylon,Tireman,824 Roxbury Alley,Anchorage,Alaska,99599
416,Marlena,Vettore,48238 Meadow Valley Avenue,Minneapolis,Minnesota,55423
417,Pier,Mussett,4055 Parkside Point,Bellevue,Washington,98008
418,Pepita,Beazley,5605 Canary Center,Youngstown,Ohio,44555
419,Beverly,Pele,4 Almo Lane,Washington,District of Columbia,20456
420,Frasco,Mc Comb,5013 Hovde Street,New York City,New York,10034
421,Lorry,Rudge,78 Esch Crossing,Spartanburg,South Carolina,29319
422,Danella,Stubbs,5 Delaware Road,Chicago,Illinois,60697
423,Fields,Rogier,1 Loeprich Road,Aurora,Illinois,60505
424,Eugenia,Bridgett,235 Menomonie Park,Palmdale,California,93591
425,Filippa,Accum,034 Fuller Junction,Alexandria,Virginia,22301
426,Yvonne,De Matteis,09 Grim Parkway,Newton,Massachusetts,02458
427,Bertie,Skill,1 Garrison Street,Houston,Texas,77065
428,Benyamin,Bazley,530 Crest Line Pass,Pensacola,Florida,32595
429,Harley,Izachik,16 Portage Lane,Columbus,Georgia,31904
430,Eugenio,Bucknill,75 Rusk Hill,Brooklyn,New York,11215
431,Alyssa,Harpham,66454 Bartelt Circle,Corpus Christi,Texas,78405
432,Dalton,Gowry,3 Trailsway Way,El Paso,Texas,79928
433,Clayson,McGinnell,680 Kim Lane,Wichita,Kansas,67236
434,Kayla,Honeywood,346 Eliot Lane,Green Bay,Wisconsin,54305
435,Mathilda,Sandeford,9189 Hooker Hill,Chicago,Illinois,60686
436,Brigit,Beston,7736 Chinook Crossing,Brockton,Massachusetts,02305
437,Clim,Crabtree,157 Lakewood Gardens Point,Lincoln,Nebraska,68583
438,Jerrome,Southard,2207 Scofield Drive,Cedar Rapids,Iowa,52410
439,Marj,Headech,3493 Spohn Terrace,Chicago,Illinois,60619
440,Wilow,Verick,8 Harbort Road,Little Rock,Arkansas,72231
441,Justus,Goodhew,897 Rowland Alley,Springfield,Missouri,65898
442,Dwayne,Wildin,945 Fulton Street,Duluth,Minnesota,55805
443,Igor,Brent,88556 Johnson Lane,Abilene,Texas,79699
444,Becki,Halston,5003 Granby Drive,Fort Lauderdale,Florida,33310
445,Sydney,Keward,9098 Clemons Parkway,Oklahoma City,Oklahoma,73104
446,Cobb,Boggish,0661 Vermont Plaza,Sandy,Utah,84093
447,Hakim,Balharry,1 Havey Drive,Columbus,Georgia,31914
448,Vin,Cloutt,020 Knutson Way,Orlando,Florida,32819
449,Mick,Pattenden,3319 Fremont Park,Saint Petersburg,Florida,33742
450,Aurelea,Abramski,6 Little Fleur Road,Pompano Beach,Florida,33069
451,Kelsi,Giddens,849 Mitchell Hill,Springfield,Illinois,62756
452,Dolly,Britee,8094 Stang Avenue,Miami,Florida,33111
453,Giordano,Valentelli,9 Luster Parkway,Las Vegas,Nevada,89110
454,Evelina,Berthot,1 Lawn Way,Brea,California,92822
455,Celine,Hughes,873 Karstens Parkway,Knoxville,Tennessee,37995
456,Steffi,McDougle,44663 Menomonie Plaza,Inglewood,California,90398
457,Veronike,Cabrales,9 Sugar Court,Des Moines,Iowa,50330
458,Wallie,Goard,7838 Melvin Road,Kansas City,Missouri,64114
459,Jacquette,Colbeck,8 Cardinal Junction,Salt Lake City,Utah,84125
460,Cassi,Sturgeon,96706 Kim Terrace,Topeka,Kansas,66617
461,Ignacio,Gallyon,70 Bluejay Hill,Fairfield,Connecticut,06825
462,Lou,Stollenbecker,38139 Warner Street,New Orleans,Louisiana,70174
463,Delmar,Binfield,39 Bluestem Junction,Ann Arbor,Michigan,48107
464,Eveline,Angrick,248 Barby Terrace,Elmira,New York,14905
465,Giovanna,Lilie,21 Oneill Park,Stockton,California,95219
466,Tana,Mendonca,779 Canary Lane,San Diego,California,92170
467,Cly,Skeermer,89 Bonner Junction,Boston,Massachusetts,02109
468,Janeta,Augustus,23 Menomonie Pass,Kansas City,Missouri,64179
469,Oby,Scurrer,17857 Harper Crossing,Miami,Florida,33111
470,Amelita,Robbeke,6 Maple Wood Trail,Davenport,Iowa,52809
471,Carney,Whetson,1 Florence Circle,Bradenton,Florida,34205
472,Toni,Hoffman,5 Fisk Place,Pittsburgh,Pennsylvania,15255
473,Felicity,Petrik,16260 Utah Way,Trenton,New Jersey,08638
474,Trisha,Sainsbury-Brown,90567 Monument Park,Austin,Texas,78778
475,Win,Faux,1 Hanover Way,Tampa,Florida,33610
476,Melloney,Cianelli,17 Southridge Circle,Brooklyn,New York,11225
477,Ula,Morshead,513 Towne Crossing,Denver,Colorado,80241
478,Cecilla,Locock,96 Carberry Way,Washington,District of Columbia,20546
479,Wrennie,Danilenko,76990 John Wall Alley,Elizabeth,New Jersey,07208
480,Myles,Dupoy,55 Mesta Street,San Francisco,California,94142
481,Olivier,Penas,00733 Red Cloud Way,Denver,Colorado,80223
482,Manon,La Vigne,18 Dryden Terrace,Washington,District of Columbia,20425
483,Niles,Dohmann,5 Debra Plaza,Youngstown,Ohio,44505
484,Alexis,Bussel,567 Birchwood Drive,Fresno,California,93726
485,Garrick,Redholes,7161 Sommers Way,Los Angeles,California,90005
486,Wylma,Mateu,958 Northport Point,Saint Louis,Missouri,63167
487,Orton,Ezele,957 Macpherson Center,Dallas,Texas,75210
488,Vachel,Piccard,5 Kedzie Road,Fort Worth,Texas,76198
489,Elli,Lippett,4592 Mandrake Park,Madison,Wisconsin,53779
490,Korry,Upwood,47 Grasskamp Junction,Pittsburgh,Pennsylvania,15274
491,Tim,Alabone,33 Lighthouse Bay Pass,Springfield,Massachusetts,01129
492,Harrie,Yonnie,66401 Fairview Plaza,Montgomery,Alabama,36104
493,Lyssa,Rosenfelt,84 1st Center,Tacoma,Washington,98405
494,Minny,Rousby,87 Superior Pass,Riverside,California,92513
495,Adara,Wharfe,9328 Ridge Oak Hill,Phoenix,Arizona,85062
496,Lockwood,Schriren,8260 Chinook Junction,Miami,Florida,33134
497,Ame,Cowie,57055 Spaight Parkway,Albany,New York,12232
498,Rennie,Barnicott,0124 Transport Court,Hartford,Connecticut,06105
499,Rowen,Sleight,077 Sauthoff Circle,Roanoke,Virginia,24040
500,Kaia,Gillyett,765 Blackbird Terrace,Detroit,Michigan,48267
501,Mallory,Priestner,6 Union Crossing,San Diego,California,92186
502,Layne,McRobbie,57 Buena Vista Drive,Austin,Texas,78732
503,Vinny,Ferie,11 Melvin Trail,Jacksonville,Florida,32255
504,Rosalinda,Merdew,259 Manufacturers Trail,Wilkes Barre,Pennsylvania,18706
505,Boone,Radbourne,20487 Center Junction,Sacramento,California,95838
506,Arlen,Lyokhin,803 Tennyson Trail,Norfolk,Virginia,23520
507,Javier,Peepall,448 Huxley Crossing,Louisville,Kentucky,40280
508,Lucienne,Kasper,965 Bashford Drive,Sacramento,California,94230
509,Dominica,Mc Comb,1812 Namekagon Avenue,Monroe,Louisiana,71213
510,Candice,Mattioni,64 Browning Point,Topeka,Kansas,66642
511,Myrtia,Jedraszczyk,371 Aberg Way,Pompano Beach,Florida,33064
512,Ramsay,Redmire,3050 Dahle Hill,Richmond,Virginia,23208
513,Bo,Stegel,62366 Cordelia Park,San Francisco,California,94116
514,Alphonse,Pelos,9509 Lien Hill,Montgomery,Alabama,36195
515,Cassondra,Dubery,8 Fisk Park,Tampa,Florida,33694
516,Xaviera,Totton,7 Crowley Drive,West Palm Beach,Florida,33421
517,Charline,Zanitti,93 Ridge Oak Way,Fort Lauderdale,Florida,33320
518,Coreen,Jenyns,37169 Graedel Point,Jacksonville,Florida,32209
519,Barclay,Jessen,9 Hollow Ridge Circle,Fort Pierce,Florida,34949
520,Hanan,Barnsdall,072 Homewood Trail,San Francisco,California,94105
521,Lucius,Gowen,7254 Loftsgordon Drive,Corpus Christi,Texas,78405
522,Adriena,Roof,2 Clarendon Trail,Lincoln,Nebraska,68517
523,Sheffield,Pragnall,4857 Bartelt Court,Amarillo,Texas,79165
524,Hershel,Bolwell,85653 Armistice Lane,Hamilton,Ohio,45020
525,Carroll,Rickell,91 Sutteridge Point,Galveston,Texas,77554
526,Ynes,Coate,70528 Northport Road,Jackson,Tennessee,38308
527,Morna,Liff,9079 Myrtle Drive,Dallas,Texas,75387
528,Chryste,Lamba,83 Barnett Avenue,Fort Worth,Texas,76147
529,Stacee,Kearey,38 Rigney Way,Shawnee Mission,Kansas,66215
530,Finn,Roycroft,9523 Kensington Pass,Houston,Texas,77020
531,Raye,Provest,7175 Butterfield Way,Cleveland,Ohio,44191
532,Silvio,Merington,9064 Prairieview Circle,Sacramento,California,95818
533,Robby,Nowland,6926 Bartelt Plaza,Newark,New Jersey,07195
534,May,Hunnable,1934 Maple Pass,Erie,Pennsylvania,16505
535,Annamarie,Charrett,017 Merry Parkway,Santa Ana,California,92725
536,Baxter,McRory,3 American Ash Center,Peoria,Illinois,61614
537,Lynn,Hughf,95528 Dunning Place,Knoxville,Tennessee,37919
538,Sandor,Anthoin,0254 Reindahl Street,Charlotte,North Carolina,28247
539,Catharine,Hanaby,10478 Boyd Plaza,Escondido,California,92030
540,Lynnell,Genever,378 Pond Street,Washington,District of Columbia,20088
541,Randolf,Clamo,1656 Shoshone Center,Las Vegas,Nevada,89193
542,Nevsa,Keable,17156 Summer Ridge Terrace,Phoenix,Arizona,85077
543,Margareta,Stockwell,09 7th Point,Temple,Texas,76505
544,Birch,Mattam,31 Briar Crest Park,Detroit,Michigan,48217
545,Martyn,Barck,9391 Wayridge Avenue,Springfield,Virginia,22156
546,Boy,Phillins,7 Truax Avenue,Daytona Beach,Florida,32123
547,My,Miko,5732 Twin Pines Junction,Atlanta,Georgia,30323
548,Isahella,Charopen,173 School Plaza,Berkeley,California,94712
549,Meryl,Rodrigo,0534 Pepper Wood Place,Harrisburg,Pennsylvania,17140
550,Hervey,Crowth,737 Westridge Junction,Greenville,South Carolina,29605
551,Maxie,Maasz,661 Randy Lane,Akron,Ohio,44315
552,Alard,Forrest,26 Lakewood Circle,Chicago,Illinois,60630
553,Selie,Eckford,2852 Kipling Point,Columbus,Georgia,31914
554,Levy,Impson,2 Mayfield Circle,Norwalk,Connecticut,06859
555,Flossie,Maidlow,1395 Sherman Park,Jackson,Mississippi,39282
556,Cari,Monson,71 Myrtle Trail,Abilene,Texas,79605
557,Junina,Sutehall,8190 Gateway Place,Buffalo,New York,14210
558,Maurise,Crielly,063 Warrior Point,Oakland,California,94616
559,Vi,Shovlar,26523 Pierstorff Plaza,Newark,New Jersey,07112
560,Layton,Stodit,8 Hagan Road,San Diego,California,92145
561,Paxon,Dedenham,43729 Northland Drive,Tacoma,Washington,98424
562,Shane,Abercromby,6 Ridge Oak Court,Seattle,Washington,98185
563,Domeniga,Antoszczyk,4 Homewood Center,Newark,Delaware,19714
564,Ivory,Rowswell,96 Elka Drive,Wichita,Kansas,67210
565,Susette,Royan,5 Fair Oaks Hill,Carson City,Nevada,89714
566,Rafaela,Soans,99 Atwood Trail,Yakima,Washington,98907
567,Liva,Stennings,4 Ridge Oak Alley,Austin,Texas,78715
568,Ediva,Gonsalvez,12861 Valley Edge Pass,Racine,Wisconsin,53405
569,Sarina,Torald,56901 Cardinal Crossing,Boston,Massachusetts,02104
570,Starla,Edgar,726 Carey Drive,Vancouver,Washington,98664
571,Catlaina,Gotobed,8756 Columbus Center,Bowie,Maryland,20719
572,Lauryn,Todarini,5 Northview Center,Waco,Texas,76705
573,Cecil,Nockolds,47264 Village Green Junction,Nashville,Tennessee,37250
574,Dora,Kleisel,49983 2nd Trail,Fresno,California,93786
575,Else,Jowling,7644 Canary Trail,Syracuse,New York,13205
576,Martynne,Laing,60692 Novick Circle,Fort Wayne,Indiana,46852
577,Antoinette,Duddridge,15 Bay Road,Omaha,Nebraska,68105
578,Sharia,Coll,15 Summit Lane,Richmond,Virginia,23242
579,Orton,Purkiss,02606 Mendota Junction,New Orleans,Louisiana,70160
580,York,Abrahmovici,5 Bluestem Drive,Oakland,California,94616
581,Leigh,Lensch,20657 Mandrake Drive,Columbus,Ohio,43220
582,Berne,Gerbel,61376 Dexter Alley,Miami,Florida,33164
583,Wallace,De la croix,564 Longview Circle,El Paso,Texas,79999
584,Royall,Atteridge,9342 Heffernan Junction,Lexington,Kentucky,40596
585,Riordan,Saintpierre,20841 Mayfield Terrace,Jacksonville,Florida,32244
586,Orson,Rubinovitsch,22 Badeau Place,Kalamazoo,Michigan,49048
587,Basile,Fahey,99549 Dapin Circle,Saint Joseph,Missouri,64504
588,Rozanne,Wetherburn,68316 Garrison Drive,Wichita,Kansas,67260
589,Haily,Janew,45511 Buena Vista Avenue,Cincinnati,Ohio,45213
590,Reyna,Neames,3 Anniversary Court,Washington,District of Columbia,20029
591,Duffie,Piddlesden,53 Crest Line Parkway,Los Angeles,California,90094
592,Marybeth,Hlavac,6566 Longview Plaza,Topeka,Kansas,66667
593,Tibold,Gaine of England,36 Northfield Alley,Minneapolis,Minnesota,55441
594,Karoline,Storek,7234 Bashford Junction,Irvine,California,92619
595,Byran,Lampbrecht,662 Iowa Circle,Atlanta,Georgia,31132
596,Zaneta,Janak,135 Westerfield Park,Huntsville,Alabama,35895
597,Eudora,Glasebrook,06931 Monica Road,Brooklyn,New York,11241
598,Armando,Stoller,29831 Sullivan Avenue,Birmingham,Alabama,35242
599,Mace,Nesey,48 Iowa Avenue,Philadelphia,Pennsylvania,19196
600,Donna,Mecchi,02932 La Follette Way,Alexandria,Virginia,22333
601,Shelby,Checcucci,88719 Stone Corner Point,Lubbock,Texas,79410
602,Yvon,Ligertwood,3276 Thompson Point,Corpus Christi,Texas,78465
603,Charlot,Pawfoot,44126 Bonner Center,Charlotte,North Carolina,28225
604,Lemar,Schowenburg,174 Cottonwood Crossing,Little Rock,Arkansas,72204
605,Serene,de Mendoza,67 Stone Corner Road,New Orleans,Louisiana,70142
606,Auberon,Clinnick,005 North Pass,Saint Louis,Missouri,63196
607,Drona,Brendeke,41 Brown Place,Lakewood,Washington,98498
608,Sabina,Audenis,35848 Truax Point,Washington,District of Columbia,20226
609,Riki,Cutchey,034 Straubel Avenue,Baton Rouge,Louisiana,70836
610,Wren,Pawfoot,50148 Moulton Trail,Saint Paul,Minnesota,55114
611,Dosi,Moult,18 Pennsylvania Way,Des Moines,Iowa,50393
612,Rudolf,Zmitrichenko,69244 Roth Crossing,Saint Cloud,Minnesota,56398
613,Perla,Pakeman,074 High Crossing Drive,Memphis,Tennessee,38168
614,Cathee,Iffland,7 Hoard Plaza,Cape Coral,Florida,33915
615,Marcelline,Henrys,80 Paget Center,Des Moines,Iowa,50305
616,Wes,Atcock,43 Farmco Drive,Las Vegas,Nevada,89120
617,Hadrian,Coultous,361 Iowa Way,Corpus Christi,Texas,78410
618,Cristen,Woolens,539 Forster Way,Orlando,Florida,32854
619,Jeanne,Klimochkin,433 Stuart Way,Naples,Florida,33961
620,Rowena,Jelly,101 Rigney Park,San Antonio,Texas,78205
621,Doralyn,Stoggell,44307 Victoria Crossing,Buffalo,New York,14205
622,Rolfe,Dummigan,34068 Bunker Hill Terrace,Honolulu,Hawaii,96825
623,Arliene,Nequest,537 Lindbergh Crossing,Allentown,Pennsylvania,18105
624,Thatch,Strongman,59 Jay Trail,Naples,Florida,33961
625,Oby,Clever,7661 Monterey Junction,Ashburn,Virginia,22093
626,Keir,Sime,49872 Hanson Junction,Muskegon,Michigan,49444
627,Coraline,McCrystal,975 Eagan Place,Terre Haute,Indiana,47812
628,Pooh,Robertsson,4 Scott Road,San Antonio,Texas,78210
629,Adena,Bierman,00 Almo Park,Dallas,Texas,75231
630,Dyan,Hanney,3 Clemons Trail,Anchorage,Alaska,99599
631,Jacqui,Bockh,4247 Rockefeller Lane,Louisville,Kentucky,40220
632,Kristel,Peete,2295 Cody Trail,Washington,District of Columbia,56944
633,Madeline,Chard,7088 Sundown Pass,Allentown,Pennsylvania,18105
634,Vassily,Pawle,870 Porter Parkway,Edmond,Oklahoma,73034
635,Gabi,Sinott,154 Cordelia Pass,Corpus Christi,Texas,78426
636,Roderigo,Moysey,70 Fair Oaks Pass,Virginia Beach,Virginia,23459
637,Benedict,Lauret,476 Vera Street,Waco,Texas,76711
638,Joelie,Wreight,843 Rusk Hill,Charleston,West Virginia,25336
639,Coral,Dashkovich,92 Alpine Trail,Seattle,Washington,98158
640,Nickolas,Lilion,3 Dunning Hill,Richmond,California,94807
641,Faunie,Voisey,484 Little Fleur Court,Providence,Rhode Island,02912
642,Ilse,Alexandrou,8 Village Green Parkway,Tallahassee,Florida,32314
643,Alwin,McMeanma,300 East Street,Sacramento,California,94280
644,Eugenio,Dinsey,6830 Blackbird Avenue,Boston,Massachusetts,02109
645,Kaine,Crinion,78779 Towne Place,Minneapolis,Minnesota,55428
646,Joycelin,Husher,87 Tomscot Trail,Beaufort,South Carolina,29905
647,Hastings,Manwaring,7 Ramsey Hill,Pinellas Park,Florida,34665
648,Ara,Fairfull,6331 Nobel Trail,Norcross,Georgia,30092
649,Janette,Maginot,00856 Sunbrook Drive,Lancaster,Pennsylvania,17605
650,Karoly,Welfair,4 Elka Road,Tucson,Arizona,85732
651,Clim,Nystrom,814 Alpine Avenue,Tempe,Arizona,85284
652,Donnamarie,Batrop,1296 Sycamore Point,Gastonia,North Carolina,28055
653,Fayina,Jacobssen,4912 Lakeland Terrace,Muskegon,Michigan,49444
654,Dasie,Rotlauf,43 Sunbrook Circle,Worcester,Massachusetts,01654
655,Miles,Rimell,8 Larry Lane,Dayton,Ohio,45408
656,Robina,Mapledoram,560 Artisan Terrace,Nashville,Tennessee,37245
657,Priscilla,Pala,332 Graceland Court,Columbus,Ohio,43226
658,Sada,Dach,46217 North Terrace,Tempe,Arizona,85284
659,Hector,Bodicam,58679 Grasskamp Crossing,Tampa,Florida,33647
660,Paton,Haines,09508 Kings Park,Naples,Florida,34102
661,Anabelle,Held,7 Buena Vista Trail,Saint Louis,Missouri,63121
662,Aurie,Minchinton,21181 Summer Ridge Crossing,Buffalo,New York,14276
663,Nada,Sivyour,45 Blue Bill Park Hill,Tacoma,Washington,98424
664,Leroi,Berzons,53 Bluestem Point,Washington,District of Columbia,20205
665,Chev,Oblein,97136 Judy Plaza,Long Beach,California,90810
666,Northrup,Woodwind,77 Sutteridge Drive,Washington,District of Columbia,20260
667,Dewey,Coulter,35495 Kingsford Plaza,Littleton,Colorado,80127
668,Gillan,Kalderon,7 Haas Hill,Knoxville,Tennessee,37939
669,Henrietta,Stollman,29862 Jackson Drive,El Paso,Texas,88535
670,Gabbi,Humbee,1 Novick Circle,Lincoln,Nebraska,68505
671,Ephrayim,Rotham,750 Transport Street,High Point,North Carolina,27264
672,Gloriane,Jarvis,943 Coleman Way,Salem,Oregon,97306
673,Locke,Purcell,79 Oxford Center,Atlanta,Georgia,31106
674,Rory,Crux,3330 Bluejay Street,Atlanta,Georgia,30351
675,Cherie,Sollett,82 Iowa Junction,Minneapolis,Minnesota,55436
676,Gavra,Terrans,0 Elka Court,Honolulu,Hawaii,96820
677,Kesley,Fransewich,695 Arapahoe Pass,Columbus,Ohio,43284
678,Glenden,Shay,4050 Rockefeller Street,New York City,New York,10004
679,Colas,Smale,68783 Towne Circle,Columbus,Mississippi,39705
680,Rudyard,Labadini,52 Pankratz Street,Chico,California,95973
681,Chris,Mattisson,684 Johnson Place,San Francisco,California,94110
682,Fitzgerald,Ellsbury,6120 High Crossing Trail,Temple,Texas,76505
683,Camille,Ciobutaru,02594 Blue Bill Park Way,Cleveland,Ohio,44130
684,Hedy,Cabbell,14838 Ronald Regan Alley,Roanoke,Virginia,24020
685,Malia,Whittam,17 Bellgrove Trail,Newark,New Jersey,07104
686,Avie,Clayton,222 Village Court,Trenton,New Jersey,08638
687,Lodovico,Hazlehurst,5541 Lunder Parkway,Fort Worth,Texas,76134
688,Martie,Izachik,8 Granby Pass,Paterson,New Jersey,07522
689,Craggy,Barbery,608 Oak Parkway,Yakima,Washington,98907
690,Arlette,Quinnelly,5 Scoville Way,Young America,Minnesota,55557
691,Maurits,Rorke,5013 Goodland Court,Houston,Texas,77250
692,Paton,Guilfoyle,6 Bowman Alley,Louisville,Kentucky,40225
693,Clemente,Eames,3675 Elmside Point,Stockton,California,95205
694,Rochester,McQuorkell,562 Namekagon Road,Pueblo,Colorado,81015
695,Selma,Bascomb,373 Reindahl Court,Atlanta,Georgia,30380
696,Stanton,Aharoni,8 Mosinee Place,Philadelphia,Pennsylvania,19172
697,Gail,Heliet,9973 Daystar Way,Fresno,California,93721
698,Marlene,Overshott,2534 Service Street,Amarillo,Texas,79165
699,Erhart,Folder,7093 Anderson Road,San Jose,California,95123
700,Serene,Gettins,08 Oak Valley Parkway,Detroit,Michigan,48232
701,Tynan,Rippen,6 Lawn Street,Gary,Indiana,46406
702,Hastie,Crowthe,9 Forest Dale Lane,Tacoma,Washington,98481
703,Kania,Dolton,89 Annamark Street,Monticello,Minnesota,55585
704,Harley,Frazer,03427 Glendale Drive,Washington,District of Columbia,20337
705,Suzie,Beuscher,7822 Farwell Alley,Fullerton,California,92835
706,Cece,Rainy,045 Melvin Pass,Miami,Florida,33164
707,Korie,Yewen,92227 Lillian Avenue,Charlotte,North Carolina,28235
708,Gardie,Cowin,60 Myrtle Terrace,Fresno,California,93762
709,Florentia,Burkwood,308 Monica Lane,Fayetteville,North Carolina,28314
710,Bealle,Charnley,33 Manitowish Court,New Hyde Park,New York,11044
711,Bentley,Fear,2531 Mesta Trail,Macon,Georgia,31210
712,Thorin,Greeve,3307 Grim Hill,Mobile,Alabama,36670
713,Rodge,Conisbee,49 David Place,Nashville,Tennessee,37250
714,Kizzee,Guiso,8873 Oxford Point,Danbury,Connecticut,06816
715,Dickie,Jannasch,95 Talisman Avenue,Albuquerque,New Mexico,87180
716,Annice,Branigan,2609 Mallory Place,Houston,Texas,77050
717,Malory,Van T'Hoog,0 Macpherson Street,Pasadena,Texas,77505
718,Karrah,Smalcombe,5322 Cambridge Avenue,Amarillo,Texas,79182
719,Bettye,McGown,87 Menomonie Drive,Springfield,Illinois,62756
720,Gordy,Bernardinelli,2143 Continental Park,Palmdale,California,93591
721,Colby,Kahen,9 Monument Junction,Cincinnati,Ohio,45213
722,Anna-diana,Malkie,3864 Stone Corner Place,Oklahoma City,Oklahoma,73167
723,Constancia,Lattos,055 Dovetail Alley,Hartford,Connecticut,06183
724,Quinn,Pietrowski,04 Spenser Way,Midland,Texas,79710
725,Cassandry,Bainbrigge,0728 Carpenter Point,Kalamazoo,Michigan,49048
726,Sansone,Legion,3314 Delladonna Trail,Tallahassee,Florida,32399
727,Lonee,Carnell,09 Springs Alley,Brooklyn,New York,11236
728,Bailey,Ivancevic,10972 Pond Pass,Philadelphia,Pennsylvania,19120
729,Gisele,Vankov,44 Spohn Way,San Antonio,Texas,78215
730,Harmon,Ezzy,87 International Lane,Birmingham,Alabama,35279
731,Vitoria,Figg,359 Anzinger Road,Waco,Texas,76796
732,Tadd,Ducker,0653 Anniversary Center,Naples,Florida,33963
733,De witt,Balshaw,6582 North Point,Savannah,Georgia,31422
734,Cayla,Franschini,962 Holmberg Street,Fullerton,California,92640
735,Rasia,Eaglesham,16 Hansons Avenue,El Paso,Texas,79923
736,Pieter,Bartaletti,043 Oak Valley Plaza,Flint,Michigan,48505
737,Andreana,Fontanet,9 Gulseth Drive,Largo,Florida,33777
738,Elbert,Angier,64 Butterfield Center,Tucson,Arizona,85732
739,Reggy,Lydster,4770 Waubesa Park,Corpus Christi,Texas,78410
740,Paulie,Duell,79166 Basil Junction,Chicago,Illinois,60646
741,Margarita,Polhill,88 Buena Vista Drive,Tulsa,Oklahoma,74141
742,Johnna,McMylor,0 West Trail,Portsmouth,Virginia,23705
743,Lurette,Timewell,9 Drewry Parkway,Tucson,Arizona,85748
744,Maurie,Morgen,6 Express Court,Salt Lake City,Utah,84170
745,Idaline,Caldeiro,64 Pine View Pass,Virginia Beach,Virginia,23464
746,Dickie,Mc Pake,1 Jay Circle,Charleston,West Virginia,25356
747,Tully,Shord,17 Mccormick Lane,Phoenix,Arizona,85067
748,Homerus,Langlois,097 Hoard Lane,Jersey City,New Jersey,07310
749,Cornie,Hertwell,253 Bayside Trail,Wilmington,North Carolina,28410
750,Bev,Woolger,830 Maple Wood Terrace,Albany,New York,12247
751,Bambi,Buttrum,75 Victoria Pass,Hartford,Connecticut,06152
752,Gladys,Jahndel,91481 Reindahl Terrace,Visalia,California,93291
753,Danit,Cato,74 Grayhawk Court,Miami,Florida,33111
754,Maria,Gauche,629 Johnson Alley,Charlotte,North Carolina,28220
755,Garreth,Larking,770 Lotheville Pass,Alexandria,Virginia,22309
756,Miltie,Bamford,50787 Marquette Way,San Rafael,California,94913
757,Rozalin,Gaskarth,62069 Village Green Lane,Las Vegas,Nevada,89125
758,Diena,Lightewood,76 Independence Park,Pittsburgh,Pennsylvania,15225
759,Kelcie,Cramond,1269 Mosinee Terrace,Port Charlotte,Florida,33954
760,Susy,Marguerite,3648 Reinke Street,Carlsbad,California,92013
761,Drew,Krier,33250 Little Fleur Point,Gainesville,Florida,32610
762,Shir,Stigger,008 Golf Course Avenue,Nashville,Tennessee,37215
763,Ranique,Swannick,91477 Oxford Circle,Atlanta,Georgia,31165
764,Elizabeth,Stook,5104 Maryland Place,Atlanta,Georgia,30343
765,Isaac,Bazylets,135 Northfield Street,Houston,Texas,77281
766,Rafaello,Leindecker,774 Ludington Hill,Myrtle Beach,South Carolina,29579
767,Tedie,Spark,37126 Shelley Center,Shawnee Mission,Kansas,66276
768,Rozamond,Jakubowicz,98123 Hanson Plaza,Newark,Delaware,19725
769,Pip,Ilyinski,0044 Grover Junction,Houston,Texas,77276
770,Sonia,Everill,31912 Memorial Junction,Kissimmee,Florida,34745
771,Fidole,Constantinou,3 Miller Point,Vancouver,Washington,98687
772,Tory,Waleran,52281 Northland Pass,Dallas,Texas,75221
773,Urbain,Meedendorpe,71 Superior Trail,Stockton,California,95210
774,Mortimer,Cardoso,0 Marcy Center,El Paso,Texas,79950
775,Kata,Fairman,59 Park Meadow Circle,Harrisburg,Pennsylvania,17140
776,Aile,Seymark,73558 2nd Terrace,Washington,District of Columbia,20456
777,Elise,Caverhill,42 Hoepker Hill,Orlando,Florida,32835
778,Byran,MacNish,714 Dovetail Drive,Gary,Indiana,46406
779,Nickolaus,Getcliffe,635 Butternut Pass,Houston,Texas,77090
780,Zola,Works,448 Golden Leaf Park,Tacoma,Washington,98405
781,Alric,Vedenisov,717 Jenifer Center,Long Beach,California,90847
782,Trumann,Birrane,5382 Hoepker Plaza,Colorado Springs,Colorado,80910
783,Federico,Turl,55 Pleasure Street,Albuquerque,New Mexico,87190
784,Chrotoem,Scrowby,83426 Rusk Trail,Miami,Florida,33180
785,Jacquetta,Satcher,1547 Jenna Center,Atlanta,Georgia,30343
786,Tracy,Coleford,0 Golf Course Junction,Oakland,California,94627
787,Cullin,Thying,70027 Grim Center,Charlotte,North Carolina,28225
788,Marlyn,Willock,8164 Chive Point,Duluth,Georgia,30096
789,Christoph,Lipson,07 Hauk Plaza,Daytona Beach,Florida,32123
790,Valentia,Pleavin,2369 Granby Street,San Diego,California,92121
791,Francesco,Brockett,23 Merrick Center,Wichita,Kansas,67215
792,Daria,Moxom,55016 Linden Parkway,Terre Haute,Indiana,47812
793,Basil,Housecroft,1934 Mayfield Hill,Zephyrhills,Florida,33543
794,Genna,Eringey,009 Golf View Parkway,San Jose,California,95194
795,Maureen,Gorries,8 Anderson Plaza,Daytona Beach,Florida,32118
796,Adrienne,Ickowics,901 Lunder Court,Littleton,Colorado,80126
797,Sigismundo,Hauxby,3623 Larry Way,Dallas,Texas,75367
798,Angil,Bannerman,73454 Schiller Pass,Brooklyn,New York,11247
799,Jack,Salvin,75084 Manufacturers Pass,Maple Plain,Minnesota,55579
800,Gardiner,Duplain,3 Maple Avenue,Spokane,Washington,99252
801,Tadeas,Helliwell,29933 Manitowish Place,San Antonio,Texas,78296
802,Lena,Lisciandri,520 Gale Junction,Washington,District of Columbia,20530
803,Patin,Borlease,07313 Green Ridge Alley,San Francisco,California,94177
804,Morgun,Norway,104 Beilfuss Crossing,Portsmouth,New Hampshire,00214
805,Lilia,Paslow,08524 Fremont Pass,San Diego,California,92110
806,Brandais,Chatwin,9243 Sutteridge Hill,San Antonio,Texas,78235
807,Cherish,Riccardini,09202 Prentice Crossing,Springfield,Massachusetts,01129
808,Danny,Sodeau,65299 Talmadge Road,Mesa,Arizona,85215
809,Maxy,Grieg,347 Lakewood Gardens Point,Sioux Falls,South Dakota,57110
810,Brandy,Rahl,01680 Lake View Street,Fairfield,Connecticut,06825
811,Hannis,Fincke,764 Scoville Trail,Dallas,Texas,75241
812,Isidore,Sopper,341 Kings Junction,Pittsburgh,Pennsylvania,15230
813,Zeb,Darko,917 Cardinal Circle,Norcross,Georgia,30092
814,Lay,Newick,6 Sauthoff Lane,San Diego,California,92153
815,Ardella,Pakes,299 Nova Trail,Washington,District of Columbia,20540
816,Kala,Hustler,6 Northland Way,Las Vegas,Nevada,89110
817,Esmeralda,Pickavant,87 Porter Junction,Dallas,Texas,75277
818,Alisun,Simner,5220 Mallory Circle,Flint,Michigan,48550
819,Dode,Yakubov,4 Waubesa Pass,Alexandria,Virginia,22313
820,Kit,Matzeitis,70645 Clemons Trail,Birmingham,Alabama,35295
821,Julita,Chilcotte,262 Buena Vista Alley,Evansville,Indiana,47725
822,Kinny,Kiss,32 Jay Park,Maple Plain,Minnesota,55572
823,Ashil,Featherstone,9302 Shopko Center,Honolulu,Hawaii,96820
824,Camille,Mettericke,4767 Fuller Alley,Cincinnati,Ohio,45208
825,Ertha,Quimby,5 Nancy Trail,New York City,New York,10004
826,Laureen,Hillburn,0 Katie Lane,Nashville,Tennessee,37250
827,Marlin,Dowsey,07 Bluestem Hill,Washington,District of Columbia,20046
828,Grantham,Petrusch,78 Buell Hill,Visalia,California,93291
829,Levi,Guard,80 Moose Avenue,Mountain View,California,94042
830,Adella,Rabbitts,422 Anzinger Drive,Miami,Florida,33185
831,Noah,Bunkle,516 Cardinal Pass,Oklahoma City,Oklahoma,73197
832,Stesha,Horlock,9 Waubesa Trail,Nashville,Tennessee,37245
833,Gale,Conisbee,2 Northwestern Trail,Atlanta,Georgia,31132
834,Deina,Braine,074 Golf Lane,Garland,Texas,75044
835,Jennine,Whitebrook,26 Shasta Court,Houston,Texas,77245
836,Yettie,Ilem,707 Leroy Way,Albany,New York,12222
837,Amabelle,Dunn,667 Beilfuss Point,Glendale,California,91210
838,Ajay,Swainsbury,06 Packers Plaza,Denver,Colorado,80249
839,Saudra,Banville,4 Loomis Pass,El Paso,Texas,88535
840,Judas,Godsal,14 Melrose Avenue,Winter Haven,Florida,33884
841,Ester,Airds,09755 Barnett Way,Anderson,Indiana,46015
842,Eve,Joutapavicius,78418 Cody Parkway,Bridgeport,Connecticut,06673
843,Tressa,Varker,44761 Washington Junction,Houston,Texas,77299
844,Doralia,Whiteland,955 Delladonna Park,Sacramento,California,95833
845,Erl,Harry,3364 Main Parkway,El Paso,Texas,79945
846,Bernita,Hachette,3826 Vidon Terrace,Detroit,Michigan,48275
847,Aura,Darey,21 Lien Point,Austin,Texas,78769
848,Sanders,Paniman,38891 Bowman Alley,Las Vegas,Nevada,89145
849,Vinnie,Farmiloe,0155 Kipling Point,Las Vegas,Nevada,89145
850,Beckie,Deegan,3054 Forest Run Hill,Mountain View,California,94042
851,Bengt,Oxbury,6 Arkansas Trail,Colorado Springs,Colorado,80915
852,Deeanne,Canas,01 Debra Point,Oakland,California,94616
853,Worthy,Connow,96 Barby Court,Dallas,Texas,75231
854,Seumas,Jurca,2 Westerfield Place,Philadelphia,Pennsylvania,19151
855,Tiebold,Pavier,62888 Little Fleur Center,Houston,Texas,77075
856,Doreen,Osban,04 Vidon Park,Springfield,Illinois,62718
857,Malchy,Batters,45236 Cambridge Circle,Tacoma,Washington,98481
858,Shurwood,Allanby,400 Clyde Gallagher Parkway,Dallas,Texas,75342
859,Geoffry,Creedland,8893 Macpherson Drive,Knoxville,Tennessee,37919
860,Tim,Glasser,87 Butterfield Terrace,Savannah,Georgia,31410
861,Dennison,Arney,4264 Lakewood Gardens Court,Bethesda,Maryland,20816
862,Gaspard,Pauler,73 Sachs Avenue,Saint Louis,Missouri,63158
863,Katy,Thams,982 Briar Crest Alley,Providence,Rhode Island,02912
864,Tammy,Sprull,2 Donald Lane,Atlanta,Georgia,31106
865,Gardie,Duer,08 Corry Terrace,Dallas,Texas,75310
866,Jenelle,Brouwer,87927 Myrtle Circle,Fresno,California,93740
867,Nevil,Branno,6928 Graceland Hill,Marietta,Georgia,30066
868,Wenona,Frensch,35170 Redwing Place,Iowa City,Iowa,52245
869,Randy,Fitton,0 Magdeline Terrace,Youngstown,Ohio,44555
870,Katinka,de Mullett,49372 Nobel Circle,Mobile,Alabama,36628
871,Harland,Bosdet,2587 6th Street,Salinas,California,93907
872,Benoite,Walentynowicz,0 Messerschmidt Lane,Mobile,Alabama,36622
873,Glynda,Ricardin,1432 Kropf Park,Albany,New York,12210
874,Casey,Winsom,06 Tennessee Street,Vancouver,Washington,98687
875,Birch,Pudsall,1 Dennis Pass,Herndon,Virginia,22070
876,Cindi,Tomasik,490 Sunfield Drive,Washington,District of Columbia,20022
877,Paula,Blackall,901 Tennessee Crossing,Pinellas Park,Florida,34665
878,Maurita,Slimming,48 Starling Road,El Paso,Texas,88558
879,Staci,Valente,857 Kenwood Junction,Long Beach,California,90810
880,Lindsey,Jessen,92 Dapin Hill,Fort Myers,Florida,33913
881,Melony,D'Orsay,956 Brickson Park Hill,Oakland,California,94622
882,Bard,Whifen,5 Farwell Pass,New York City,New York,10115
883,Meghan,Dubock,83 Grayhawk Point,Frankfort,Kentucky,40618
884,Tess,Coolbear,906 Logan Center,Philadelphia,Pennsylvania,19191
885,Giraud,Swadlin,12 Killdeer Avenue,Syracuse,New York,13224
886,Ulric,Bigrigg,0 Logan Crossing,Jamaica,New York,11436
887,Willdon,Drinkale,9 Meadow Ridge Street,Sarasota,Florida,34276
888,Brien,Valois,77040 Gina Circle,Saint Louis,Missouri,63126
889,Valentin,Drissell,210 Farmco Crossing,Fort Worth,Texas,76147
890,Thurston,Kluss,53 Thompson Avenue,Topeka,Kansas,66622
891,Tuckie,Chrstine,5 Rockefeller Lane,Amarillo,Texas,79159
892,Ralph,De Cruze,19 Delaware Hill,Indianapolis,Indiana,46202
893,Loella,Bathurst,7646 Northwestern Crossing,Cincinnati,Ohio,45213
894,Jerry,Swin,4874 Nelson Terrace,Miami,Florida,33190
895,Carny,McSparran,63 Erie Hill,Washington,District of Columbia,20041
896,Shepperd,Fruchter,7417 Haas Park,Naples,Florida,34102
897,Rori,Brookwell,290 La Follette Circle,Richmond,Virginia,23285
898,Cherianne,Kneale,4424 Colorado Street,Sacramento,California,95823
899,Melamie,Sutor,92298 Eagle Crest Lane,San Antonio,Texas,78296
900,Marget,Biernacki,4939 Roxbury Way,Washington,District of Columbia,20029
901,Leon,Stollsteimer,806 Norway Maple Court,Reading,Pennsylvania,19610
902,Nickie,Sautter,090 Harbort Alley,Scottsdale,Arizona,85271
903,Georgeta,Morcom,1456 Novick Point,Houston,Texas,77075
904,Alena,Humpage,0342 Cody Park,Houston,Texas,77218
905,Vernor,Gideon,58 Memorial Junction,Danbury,Connecticut,06816
906,Emmit,Huxter,95339 Packers Parkway,Richmond,Virginia,23277
907,Eal,Haycroft,6 Doe Crossing Street,Orlando,Florida,32808
908,Hillier,Scholey,33320 Atwood Plaza,Washington,District of Columbia,20051
909,Bradford,Phizacklea,89 Quincy Pass,Washington,District of Columbia,20268
910,Alicea,Raith,7 Goodland Pass,Athens,Georgia,30605
911,Shaw,Hastwall,9524 Sage Lane,Washington,District of Columbia,20456
912,Loy,Kinlock,8797 Bay Plaza,Fullerton,California,92835
913,Carla,Sivess,77 American Park,Brooklyn,New York,11236
914,Delia,Novill,37 Quincy Trail,Midland,Michigan,48670
915,Giana,Widdup,2 South Street,Winter Haven,Florida,33884
916,Kennie,Loines,76161 Swallow Crossing,Kansas City,Missouri,64101
917,Kelsey,Clews,7496 Meadow Valley Road,Richmond,Virginia,23260
918,Hamlen,Staynes,7 High Crossing Parkway,Alexandria,Virginia,22333
919,Lilah,Kyd,040 Bayside Crossing,Peoria,Illinois,61656
920,Shirline,Caukill,7 Judy Junction,Fort Worth,Texas,76115
921,Abraham,Thickett,48 Judy Place,Charleston,West Virginia,25305
922,Beitris,Dunning,181 Monterey Avenue,Temple,Texas,76505
923,Skylar,Goudy,8 Forest Dale Pass,New York City,New York,10034
924,Elias,Bentke,5172 Anhalt Terrace,Houston,Texas,77055
925,Em,Dive,5872 Nelson Point,Memphis,Tennessee,38119
926,Flossi,Boat,799 Elmside Road,Pittsburgh,Pennsylvania,15286
927,Valina,Blyden,2208 Tennessee Trail,Birmingham,Alabama,35225
928,Haleigh,Hyder,86197 Anhalt Drive,Beaumont,Texas,77713
929,Nathalia,Worral,03361 Thackeray Parkway,White Plains,New York,10633
930,Merle,Wilcockes,9 Hoffman Drive,Los Angeles,California,90094
931,Bessy,Strike,31554 Dennis Lane,Tucson,Arizona,85748
932,Storm,Jonathon,1 Shopko Center,Montgomery,Alabama,36134
933,Odessa,Kingcott,62 Pierstorff Terrace,Brooklyn,New York,11220
934,Ernestine,De Blasiis,10626 Lyons Circle,Dallas,Texas,75277
935,Axel,Tewnion,26 Troy Junction,New Orleans,Louisiana,70174
936,Shel,Epton,108 Graedel Alley,Washington,District of Columbia,20231
937,Bobby,Okeshott,59 Westend Terrace,Roanoke,Virginia,24020
938,Myranda,Aspey,33846 Schiller Street,Knoxville,Tennessee,37995
939,Bartel,MacNeely,2 Killdeer Plaza,Fort Pierce,Florida,34981
940,Alfy,Caslin,4537 Browning Point,Charleston,West Virginia,25326
941,Sharl,Housby,029 Straubel Avenue,Greenville,South Carolina,29610
942,Kippy,de Marco,9 Fisk Junction,Peoria,Illinois,61629
943,Burt,Ovington,007 Schiller Terrace,Atlanta,Georgia,30306
944,Sidoney,Greenmon,080 Anhalt Crossing,Topeka,Kansas,66611
945,Ardenia,Zanitti,56 Mitchell Road,Santa Monica,California,90405
946,Osgood,Ruske,82 Katie Park,Lakeland,Florida,33811
947,Keir,Feldhorn,24 Pleasure Pass,New York City,New York,10045
948,Joice,Paliser,50919 3rd Alley,Charlottesville,Virginia,22908
949,Elbertina,Mackieson,221 Carpenter Place,Toledo,Ohio,43656
950,Miles,Eyer,738 Park Meadow Trail,Newark,Delaware,19725
951,Sharon,Kliemchen,73476 Melrose Point,New Haven,Connecticut,06520
952,Haroun,Powney,940 Rigney Trail,Austin,Texas,78721
953,Brear,Hickford,82416 Forest Hill,Minneapolis,Minnesota,55417
954,Kendal,Flintiff,2 Del Mar Pass,Saint Paul,Minnesota,55115
955,Nikki,Drohan,8489 Vahlen Crossing,Memphis,Tennessee,38161
956,Abeu,Cleaveland,88 Sherman Hill,Pittsburgh,Pennsylvania,15230
957,Valentin,Babalola,4261 Jackson Lane,Tallahassee,Florida,32399
958,Fitz,Dolden,84 Buena Vista Terrace,Monticello,Minnesota,55565
959,Melisenda,Impett,979 Bultman Lane,Arlington,Texas,76096
960,Stephanie,Coughan,79865 Hallows Hill,Marietta,Georgia,30061
961,Evelyn,Narramore,1 Buell Plaza,Iowa City,Iowa,52245
962,Brod,D'Adda,6083 Golden Leaf Center,Colorado Springs,Colorado,80995
963,Julius,Vizor,8 West Park,Indianapolis,Indiana,46278
964,Bendix,Jacobowitz,24 Cody Terrace,Phoenix,Arizona,85077
965,Shamus,Lensch,119 Eagle Crest Place,San Jose,California,95138
966,Northrup,Carriage,71 Lake View Road,Greensboro,North Carolina,27409
967,Martynne,Sherwen,1 8th Place,Lexington,Kentucky,40515
968,Linell,Veness,781 Northland Parkway,Chattanooga,Tennessee,37416
969,Aleen,Langthorn,9 Aberg Court,Indianapolis,Indiana,46254
970,Pippy,Threlkeld,88197 Spohn Crossing,Louisville,Kentucky,40256
971,Zorah,Sweetsur,3 Talmadge Place,Stamford,Connecticut,06912
972,Malcolm,Rucklesse,673 Autumn Leaf Alley,Madison,Wisconsin,53716
973,Paolina,Attewell,0 Westport Terrace,Augusta,Georgia,30911
974,Cirstoforo,Laterza,73 Sage Trail,Anchorage,Alaska,99507
975,Sigfried,Gandy,09 Sommers Trail,Richmond,Virginia,23213
976,Jan,Dot,022 Browning Alley,Albany,New York,12255
977,Karrie,Deerness,391 Scoville Park,Albany,New York,12227
978,Ramsay,Hamson,226 Farmco Lane,Delray Beach,Florida,33448
979,Christabella,Macak,95 Comanche Road,Reston,Virginia,20195
980,Ermengarde,Casetta,56 Derek Road,Reno,Nevada,89510
981,Willi,Sawbridge,51601 Delaware Center,Arlington,Virginia,22225
982,Idelle,Aspinal,50 Duke Junction,Lansing,Michigan,48919
983,Rina,Yerby,628 Westend Trail,Huntsville,Alabama,35810
984,Danika,M'Quharg,25601 Grasskamp Avenue,Boulder,Colorado,80310
985,Clea,Doud,57605 Eliot Road,Montgomery,Alabama,36119
986,Zach,Clausius,1384 Norway Maple Junction,Pompano Beach,Florida,33069
987,Lynn,Stanman,07202 Stang Avenue,Atlanta,Georgia,30323
988,Aline,O'Gormley,4059 Rieder Plaza,Dayton,Ohio,45403
989,Catrina,Headington,52723 Scofield Street,Toledo,Ohio,43635
990,Chelsie,Spyvye,9831 Sunbrook Avenue,Jacksonville,Florida,32236
991,Magdalen,Lytlle,0 Golf Course Park,Watertown,Massachusetts,02472
992,Hamlin,Madine,3 Service Lane,Garden Grove,California,92645
993,Phillida,Eddisforth,2 Dayton Point,North Las Vegas,Nevada,89036
994,Danny,Aylmer,6598 Linden Place,Van Nuys,California,91499
995,Dorothea,Dumphrey,52 Mockingbird Parkway,Canton,Ohio,44710
996,Astrix,Insull,74193 Crownhardt Junction,Saint Paul,Minnesota,55108
997,Den,Wanek,4 Crest Line Parkway,Evansville,Indiana,47732
998,Hamnet,Leyburn,1 Redwing Place,Myrtle Beach,South Carolina,29579
999,Arlinda,Kenwright,26 Coolidge Parkway,Washington,District of Columbia,20088
1000,Aurthur,Kingman,318 Mifflin Hill,Tacoma,Washington,98405
