id,created_at,first_name,last_name,address,city,state,zip_code,user_id
1,2023-11-05T01:46:31.164458,Suki,Wrefford,73 Springs Alley,Peoria,Illinois,61629,1
2,2023-11-05T01:46:31.164458,Viole,Snailham,60 Larry Way,Lansing,Michigan,48956,2
3,2023-11-05T01:46:31.164458,Herb,Wild,5 Dixon Parkway,Washington,District of Columbia,20409,3
4,2023-11-05T01:46:31.164458,Ferdy,Le Barr,34828 Jana Pass,Milwaukee,Wisconsin,53285,4
5,2023-11-05T01:46:31.164458,Valentin,Adan,12890 Buena Vista Street,Battle Creek,Michigan,49018,5
6,2023-11-05T01:46:31.164458,Flem,Harrigan,70 Marquette Plaza,Inglewood,California,90305,6
7,2023-11-05T01:46:31.164458,Nester,Gianetti,530 Comanche Trail,Houston,Texas,77250,7
8,2023-11-05T01:46:31.164458,Stevy,Backshaw,3194 Del Sol Street,Independence,Missouri,64054,8
9,2023-11-05T01:46:31.164458,Gavrielle,Gawkroge,4 Dennis Parkway,Pompano Beach,Florida,33075,9
10,2023-11-05T01:46:31.164458,Constance,Ludvigsen,13 Buena Vista Trail,Frankfort,Kentucky,40618,10
11,2023-11-05T01:46:31.164458,Rosanne,Collisson,28661 Rockefeller Street,Mobile,Alabama,36622,11
12,2023-11-05T01:46:31.164458,Isidro,Millbank,865 Jenifer Center,Columbus,Georgia,31914,12
13,2023-11-05T01:46:31.164458,Olga,Shrimptone,6182 Schiller Road,Lincoln,Nebraska,68531,13
14,2023-11-05T01:46:31.164458,Maxwell,Witterick,063 Fisk Lane,Tulsa,Oklahoma,74141,14
15,2023-11-05T01:46:31.164458,Gauthier,Obee,840 Rutledge Road,Washington,District of Columbia,20508,15
16,2023-11-05T01:46:31.164458,Teodoro,Cottee,46 Hovde Circle,Lexington,Kentucky,40505,16
17,2023-11-05T01:46:31.164458,Myca,Truckett,3 Dennis Circle,Brooklyn,New York,11215,17
18,2023-11-05T01:46:31.164458,Slade,Jaumet,686 Hudson Drive,Escondido,California,92030,18
19,2023-11-05T01:46:31.164458,Herman,Attrie,030 Gale Crossing,Athens,Georgia,30605,19
20,2023-11-05T01:46:31.164458,Vern,O'Halligan,76209 Clyde Gallagher Place,Oklahoma City,Oklahoma,73124,20
21,2023-11-05T01:46:31.164458,Ola,Effnert,8 Waubesa Point,Jackson,Mississippi,39210,21
22,2023-11-05T01:46:31.164458,Herman,Dron,68330 Wayridge Drive,Hartford,Connecticut,06140,22
23,2023-11-05T01:46:31.164458,Bennie,Casaletto,51 Sommers Center,Savannah,Georgia,31422,23
24,2023-11-05T01:46:31.164458,Carmelina,Greg,4833 Ridgeview Parkway,Abilene,Texas,79699,24
25,2023-11-05T01:46:31.164458,Iseabal,Kingwell,46496 Warner Crossing,Milwaukee,Wisconsin,53277,25
26,2023-11-05T01:46:31.164458,Hussein,Schowenburg,48515 West Terrace,Lincoln,Nebraska,68505,26
27,2023-11-05T01:46:31.164458,Annalise,Kubista,198 Gateway Avenue,Vero Beach,Florida,32969,27
28,2023-11-05T01:46:31.164458,Alena,Bakes,396 Marquette Plaza,Stamford,Connecticut,06922,28
29,2023-11-05T01:46:31.164458,Pamelina,Rowett,001 Huxley Point,Homestead,Florida,33034,29
30,2023-11-05T01:46:31.164458,Wernher,Kernoghan,682 Kedzie Point,Bronx,New York,10464,30
31,2023-11-05T01:46:31.164458,Gussy,Baldack,94 Clove Point,Meridian,Mississippi,39305,31
32,2023-11-05T01:46:31.164458,Rivalee,Barbary,2390 Eggendart Point,Maple Plain,Minnesota,55579,32
33,2023-11-05T01:46:31.164458,Angie,Wearden,7 West Point,Long Beach,California,90810,33
34,2023-11-05T01:46:31.164458,Russ,Franke,94234 3rd Park,Portland,Oregon,97240,34
35,2023-11-05T01:46:31.164458,Vincenty,Pavia,80 Anhalt Place,Miami,Florida,33233,35
36,2023-11-05T01:46:31.164458,Rutherford,Asipenko,98413 Thierer Alley,Las Vegas,Nevada,89135,36
37,2023-11-05T01:46:31.164458,Delmor,Smithson,8 Gina Court,Memphis,Tennessee,38131,37
38,2023-11-05T01:46:31.164458,Veriee,Vales,9892 Shelley Avenue,Albuquerque,New Mexico,87190,38
39,2023-11-05T01:46:31.164458,Curtice,Verillo,6635 Pine View Plaza,Apache Junction,Arizona,85219,39
40,2023-11-05T01:46:31.164458,Lurlene,Ivasyushkin,4 Oakridge Way,Madison,Wisconsin,53705,40
41,2023-11-05T01:46:31.164458,Sioux,Sessions,3 Arapahoe Trail,Asheville,North Carolina,28805,41
42,2023-11-05T01:46:31.164458,Ninnette,Seller,10 Clove Center,Akron,Ohio,44305,42
43,2023-11-05T01:46:31.164458,Thorny,Gullivent,60 Express Parkway,Bronx,New York,10464,43
44,2023-11-05T01:46:31.164458,Jozef,Mahon,17145 Carpenter Way,Saint Paul,Minnesota,55166,44
45,2023-11-05T01:46:31.164458,Beniamino,Fussen,4 Jackson Road,Saint Louis,Missouri,63116,45
46,2023-11-05T01:46:31.164458,Nonie,Vaneev,83 Banding Pass,Charlotte,North Carolina,28215,46
47,2023-11-05T01:46:31.164458,Aaron,Archbold,51244 Montana Center,Charlotte,North Carolina,28220,47
48,2023-11-05T01:46:31.164458,Tony,Breitler,7778 Oriole Junction,Richmond,Virginia,23272,48
49,2023-11-05T01:46:31.164458,Rikki,Treace,0 Arrowood Alley,Kalamazoo,Michigan,49048,49
50,2023-11-05T01:46:31.164458,Joey,Gleeton,5 Ludington Trail,Iowa City,Iowa,52245,50
51,2023-11-05T01:46:31.164458,Thain,Soulsby,7201 Randy Center,Los Angeles,California,90045,51
52,2023-11-05T01:46:31.164458,Max,Filipiak,69 Delladonna Pass,Louisville,Kentucky,40293,52
53,2023-11-05T01:46:31.164458,Randal,Troyes,61924 Banding Court,Cape Coral,Florida,33915,53
54,2023-11-05T01:46:31.164458,Lissi,Manley,547 Forest Dale Park,Salt Lake City,Utah,84152,54
55,2023-11-05T01:46:31.164458,Byron,Hugnot,6285 Oneill Park,Minneapolis,Minnesota,55441,55
56,2023-11-05T01:46:31.164458,Annabell,Winsome,04119 Schmedeman Circle,Richmond,Virginia,23208,56
57,2023-11-05T01:46:31.164458,Ansel,Waslin,71 Cascade Pass,Atlanta,Georgia,30358,57
58,2023-11-05T01:46:31.164458,Berry,Dziwisz,8 Moulton Place,Houston,Texas,77075,58
59,2023-11-05T01:46:31.164458,Shannah,Hillock,004 Monument Alley,Houston,Texas,77035,59
60,2023-11-05T01:46:31.164458,Dorothy,McParland,0828 Rigney Trail,Pittsburgh,Pennsylvania,15210,60
61,2023-11-05T01:46:31.164458,Quint,Serrier,8573 Grim Parkway,Omaha,Nebraska,68105,61
62,2023-11-05T01:46:31.164458,Pail,Linforth,1 American Hill,Atlanta,Georgia,30316,62
63,2023-11-05T01:46:31.164458,Isaak,Fellgate,6900 Hagan Parkway,Milwaukee,Wisconsin,53225,63
64,2023-11-05T01:46:31.164458,Kile,Dunseath,1485 Onsgard Court,Baltimore,Maryland,21282,64
65,2023-11-05T01:46:31.164458,Tobit,Chaves,33 Schmedeman Center,Charlotte,North Carolina,28215,65
66,2023-11-05T01:46:31.164458,Fernande,Anersen,17563 West Drive,Denver,Colorado,80228,66
67,2023-11-05T01:46:31.164458,Peterus,Roubottom,940 Jenna Court,Shawnee Mission,Kansas,66210,67
68,2023-11-05T01:46:31.164458,Terrye,Eingerfield,0358 Hudson Place,Richmond,California,94807,68
69,2023-11-05T01:46:31.164458,Leontine,Weigh,3 American Ash Plaza,Miami,Florida,33283,69
70,2023-11-05T01:46:31.164458,Emmye,D'Andrea,43 Hazelcrest Road,Garland,Texas,75044,70
71,2023-11-05T01:46:31.164458,Patton,Arnold,202 Acker Way,Jackson,Mississippi,39296,71
72,2023-11-05T01:46:31.164458,Gordy,Domenc,40886 Grayhawk Crossing,San Francisco,California,94159,72
73,2023-11-05T01:46:31.164458,Euphemia,Sketch,07 Schiller Trail,Saginaw,Michigan,48609,73
74,2023-11-05T01:46:31.164458,Laurice,Renfree,1284 Petterle Drive,Gastonia,North Carolina,28055,74
75,2023-11-05T01:46:31.164458,Junia,McLennan,7 Hayes Road,Honolulu,Hawaii,96835,75
76,2023-11-05T01:46:31.164458,Andras,Redon,24507 Londonderry Road,Dayton,Ohio,45419,76
77,2023-11-05T01:46:31.164458,Marcos,Medforth,983 Stoughton Lane,Corpus Christi,Texas,78475,77
78,2023-11-05T01:46:31.164458,Shara,O'Sharry,0006 Aberg Road,Philadelphia,Pennsylvania,19178,78
79,2023-11-05T01:46:31.164458,Fitz,Goatman,2 Rigney Park,Columbia,South Carolina,29240,79
80,2023-11-05T01:46:31.164458,Renaldo,Fareweather,96 Garrison Point,Greensboro,North Carolina,27409,80
81,2023-11-05T01:46:31.164458,Husein,Yglesia,39 Sunnyside Place,Alexandria,Virginia,22313,81
82,2023-11-05T01:46:31.164458,Lilllie,Pashby,13 7th Way,Washington,District of Columbia,20319,82
83,2023-11-05T01:46:31.164458,Kaleena,Shurrocks,7 Meadow Ridge Street,El Paso,Texas,79923,83
84,2023-11-05T01:46:31.164458,Addi,Conahy,3 Paget Plaza,Jamaica,New York,11436,84
85,2023-11-05T01:46:31.164458,Steffie,Mellodey,2840 Mcguire Plaza,Cincinnati,Ohio,45243,85
86,2023-11-05T01:46:31.164458,Elsinore,Jerrold,24 Morrow Terrace,Houston,Texas,77030,86
87,2023-11-05T01:46:31.164458,Rudie,Titchard,13 Huxley Point,White Plains,New York,10633,87
88,2023-11-05T01:46:31.164458,Gabe,Caveill,3188 Hoffman Trail,San Antonio,Texas,78278,88
89,2023-11-05T01:46:31.164458,Tony,Morales,1985 Tony Alley,Port Washington,New York,11054,89
90,2023-11-05T01:46:31.164458,Shena,Kobel,9716 John Wall Alley,Oklahoma City,Oklahoma,73109,90
91,2023-11-05T01:46:31.164458,Charlotte,Stoffel,744 Hagan Park,Charlotte,North Carolina,28242,91
92,2023-11-05T01:46:31.164458,Buiron,Paybody,8006 Thackeray Circle,Newark,New Jersey,07104,92
93,2023-11-05T01:46:31.164458,Cordy,Elvish,0 Fuller Road,Columbia,South Carolina,29220,93
94,2023-11-05T01:46:31.164458,Jarrett,Boarer,3 Thierer Center,Trenton,New Jersey,08619,94
95,2023-11-05T01:46:31.164458,Lettie,Mingay,04 Laurel Alley,Florence,South Carolina,29505,95
96,2023-11-05T01:46:31.164458,Bella,Ivanchin,7178 Morningstar Way,Omaha,Nebraska,68164,96
97,2023-11-05T01:46:31.164458,Maxie,Pollen,75027 Grayhawk Plaza,Alexandria,Louisiana,71307,97
98,2023-11-05T01:46:31.164458,Fair,Rowles,1365 New Castle Pass,Alpharetta,Georgia,30022,98
99,2023-11-05T01:46:31.164458,Thornton,Weatherburn,21 Autumn Leaf Lane,Fort Worth,Texas,76192,99
100,2023-11-05T01:46:31.164458,Emile,McNelly,868 Forest Dale Park,Chicago,Illinois,60697,100
101,2023-11-05T01:46:31.164458,Tiphany,Blower,9 Jenifer Drive,Lynchburg,Virginia,24515,101
102,2023-11-05T01:46:31.164458,Ethelind,Grinter,7 Gerald Trail,Dallas,Texas,75231,102
103,2023-11-05T01:46:31.164458,Sasha,Boddie,6789 Stoughton Street,Abilene,Texas,79605,103
104,2023-11-05T01:46:31.164458,Loise,Sheriff,99 Havey Crossing,Denver,Colorado,80204,104
105,2023-11-05T01:46:31.164458,Charlena,Weafer,02 Lillian Point,Salt Lake City,Utah,84170,105
106,2023-11-05T01:46:31.164458,Edy,Jonson,893 Morningstar Parkway,Arlington,Texas,76096,106
107,2023-11-05T01:46:31.164458,Jacquelin,Borlease,833 Mockingbird Lane,Anaheim,California,92812,107
108,2023-11-05T01:46:31.164458,Erastus,Southby,26 Summit Park,Flint,Michigan,48550,108
109,2023-11-05T01:46:31.164458,Maddie,Bradforth,88075 Green Lane,Richmond,Virginia,23260,109
110,2023-11-05T01:46:31.164458,Bonny,Lorden,97 Corry Center,Fresno,California,93721,110
111,2023-11-05T01:46:31.164458,Gregg,Stivey,39374 Continental Street,Dallas,Texas,75397,111
112,2023-11-05T01:46:31.164458,Chlo,Allett,456 La Follette Avenue,Billings,Montana,59112,112
113,2023-11-05T01:46:31.164458,Codi,Eye,02 Lighthouse Bay Place,Erie,Pennsylvania,16522,113
114,2023-11-05T01:46:31.164458,Jamie,Tarzey,071 Arrowood Crossing,Birmingham,Alabama,35231,114
115,2023-11-05T01:46:31.164458,Alfi,Bridat,2984 Parkside Hill,Clearwater,Florida,34620,115
116,2023-11-05T01:46:31.164458,Phyllys,Wythill,9702 Memorial Trail,Arlington,Virginia,22205,116
117,2023-11-05T01:46:31.164458,Nat,Leete,3998 Artisan Circle,New York City,New York,10249,117
118,2023-11-05T01:46:31.164458,Engelbert,Francescuccio,789 Talmadge Point,Colorado Springs,Colorado,80935,118
119,2023-11-05T01:46:31.164458,Meggie,Shaudfurth,9687 Service Drive,Salt Lake City,Utah,84170,119
120,2023-11-05T01:46:31.164458,Astra,Durnford,9 Reindahl Plaza,Tyler,Texas,75710,120
121,2023-11-05T01:46:31.164458,Shaun,Larkin,39969 Morning Junction,Independence,Missouri,64054,121
122,2023-11-05T01:46:31.164458,Standford,Oxenham,453 Coolidge Drive,Tallahassee,Florida,32304,122
123,2023-11-05T01:46:31.164458,Tildi,Southwell,995 Reinke Point,Huntington,West Virginia,25711,123
124,2023-11-05T01:46:31.164458,Gale,Breton,91571 Lukken Pass,Shawnee Mission,Kansas,66205,124
125,2023-11-05T01:46:31.164458,Happy,Anscombe,0823 Sundown Court,Albuquerque,New Mexico,87121,125
126,2023-11-05T01:46:31.164458,Paten,Pudsey,95781 Michigan Avenue,Fort Smith,Arkansas,72916,126
127,2023-11-05T01:46:31.164458,Mahmud,Faro,68933 Shasta Court,Charlotte,North Carolina,28205,127
128,2023-11-05T01:46:31.164458,Arnie,Stansfield,18432 Luster Road,Elizabeth,New Jersey,07208,128
129,2023-11-05T01:46:31.164458,Norrie,Saulter,18839 Schurz Road,Mount Vernon,New York,10557,129
130,2023-11-05T01:46:31.164458,Caril,Whittall,3 Vernon Alley,San Antonio,Texas,78255,130
131,2023-11-05T01:46:31.164458,Sidney,Ropkins,910 Thompson Center,Buffalo,New York,14210,131
132,2023-11-05T01:46:31.164458,Gay,McQueen,99727 Farmco Junction,Aiken,South Carolina,29805,132
133,2023-11-05T01:46:31.164458,Danny,Skaif,2812 Little Fleur Avenue,Savannah,Georgia,31405,133
134,2023-11-05T01:46:31.164458,Gerry,Melson,6841 Cascade Avenue,Lansing,Michigan,48930,134
135,2023-11-05T01:46:31.164458,Ennis,Scholte,09875 Southridge Drive,Pittsburgh,Pennsylvania,15279,135
136,2023-11-05T01:46:31.164458,Dorine,Buxton,612 Washington Lane,Flushing,New York,11388,136
137,2023-11-05T01:46:31.164458,Leta,McWhirter,69656 Maywood Lane,Baton Rouge,Louisiana,70836,137
138,2023-11-05T01:46:31.164458,Thebault,Crannell,65012 Parkside Alley,Jacksonville,Florida,32230,138
139,2023-11-05T01:46:31.164458,Lucky,Cotterell,1282 Vernon Street,New Orleans,Louisiana,70165,139
140,2023-11-05T01:46:31.164458,Elizabet,Rowles,14 Eastwood Terrace,Anchorage,Alaska,99522,140
141,2023-11-05T01:46:31.164458,Jabez,McHardy,361 Grayhawk Terrace,Corpus Christi,Texas,78470,141
142,2023-11-05T01:46:31.164458,Lavinia,Murt,86 Dexter Place,Champaign,Illinois,61825,142
143,2023-11-05T01:46:31.164458,Harp,Kenworthey,7 Melby Avenue,Canton,Ohio,44710,143
144,2023-11-05T01:46:31.164458,Joyce,Canas,4896 Harbort Way,Lakeland,Florida,33805,144
145,2023-11-05T01:46:31.164458,Rahal,Mingardi,24440 Lerdahl Point,Pueblo,Colorado,81005,145
146,2023-11-05T01:46:31.164458,Bennie,Elms,24407 Rusk Point,Lawrenceville,Georgia,30045,146
147,2023-11-05T01:46:31.164458,Corey,Zannelli,46 Milwaukee Street,Spring,Texas,77386,147
148,2023-11-05T01:46:31.164458,Paulette,Vidineev,2 Havey Parkway,Phoenix,Arizona,85020,148
149,2023-11-05T01:46:31.164458,Leland,Hachette,4375 Leroy Circle,Allentown,Pennsylvania,18105,149
150,2023-11-05T01:46:31.164458,Peterus,Clashe,763 Gina Avenue,Corpus Christi,Texas,78426,150
151,2023-11-05T01:46:31.164458,Gael,Conniam,6 Westend Terrace,El Paso,Texas,79955,151
152,2023-11-05T01:46:31.164458,Wendall,Pfeffel,6 Norway Maple Way,Delray Beach,Florida,33448,152
153,2023-11-05T01:46:31.164458,Arda,Wintour,304 Sullivan Way,Des Moines,Iowa,50315,153
154,2023-11-05T01:46:31.164458,Fionna,Ruggles,4 Schlimgen Road,Topeka,Kansas,66642,154
155,2023-11-05T01:46:31.164458,Hollie,Cham,73775 Moland Avenue,Lawrenceville,Georgia,30245,155
156,2023-11-05T01:46:31.164458,Wayne,Carver,8 Sauthoff Point,Chula Vista,California,91913,156
157,2023-11-05T01:46:31.164458,Hayes,Cloute,7703 Steensland Terrace,Houston,Texas,77266,157
158,2023-11-05T01:46:31.164458,Norah,Kidstoun,18 Kenwood Drive,San Diego,California,92153,158
159,2023-11-05T01:46:31.164458,Roderigo,Lissimore,11 North Trail,Boise,Idaho,83722,159
160,2023-11-05T01:46:31.164458,Carlo,Creavin,95 Homewood Court,Minneapolis,Minnesota,55470,160
161,2023-11-05T01:46:31.164458,Abramo,McIvor,364 Calypso Way,Washington,District of Columbia,20470,161
162,2023-11-05T01:46:31.164458,Tandi,Pimblott,044 Charing Cross Plaza,Tuscaloosa,Alabama,35487,162
163,2023-11-05T01:46:31.164458,Winslow,Gytesham,06 Mcbride Place,Portland,Oregon,97271,163
164,2023-11-05T01:46:31.164458,Arlinda,Kiffe,2971 Randy Court,Appleton,Wisconsin,54915,164
165,2023-11-05T01:46:31.164458,Arthur,Inglish,0 Swallow Road,Dallas,Texas,75367,165
166,2023-11-05T01:46:31.164458,Amalea,Cloughton,44 Heffernan Way,Raleigh,North Carolina,27635,166
167,2023-11-05T01:46:31.164458,Fidelia,Collaton,96 Luster Place,Greensboro,North Carolina,27455,167
168,2023-11-05T01:46:31.164458,Edwina,Buckner,129 Autumn Leaf Court,Provo,Utah,84605,168
169,2023-11-05T01:46:31.164458,Dur,Ivantsov,027 Lotheville Way,Gulfport,Mississippi,39505,169
170,2023-11-05T01:46:31.164458,Lyda,Sarver,65 Sullivan Crossing,Sacramento,California,94230,170
171,2023-11-05T01:46:31.164458,Katrine,Carlisso,4 Schurz Road,Frederick,Maryland,21705,171
172,2023-11-05T01:46:31.164458,Wyndham,Gosford,8 Utah Road,Spring Hill,Florida,34611,172
173,2023-11-05T01:46:31.164458,Noby,Kinnerk,71720 Washington Court,Orlando,Florida,32859,173
174,2023-11-05T01:46:31.164458,Gwenneth,Noel,39 Jenna Junction,Charlotte,North Carolina,28299,174
175,2023-11-05T01:46:31.164458,Godfrey,Toopin,6 Dakota Hill,Orange,California,92862,175
176,2023-11-05T01:46:31.164458,Derk,Toyne,96167 Anzinger Place,New Orleans,Louisiana,70124,176
177,2023-11-05T01:46:31.164458,Erny,Anchor,1390 Hooker Plaza,Fort Smith,Arkansas,72905,177
178,2023-11-05T01:46:31.164458,Andrea,Uzzell,03674 Dixon Park,Seattle,Washington,98158,178
179,2023-11-05T01:46:31.164458,Tarrah,Gilston,6 Trailsway Park,San Antonio,Texas,78260,179
180,2023-11-05T01:46:31.164458,Ernst,Keighley,1 Pawling Lane,Newton,Massachusetts,02458,180
181,2023-11-05T01:46:31.164458,Joey,Dunkerly,72911 Everett Way,Louisville,Kentucky,40287,181
182,2023-11-05T01:46:31.164458,Bartholemy,Stanway,75 Hagan Court,Dallas,Texas,75246,182
183,2023-11-05T01:46:31.164458,Ric,Waith,7 Grim Road,Minneapolis,Minnesota,55487,183
184,2023-11-05T01:46:31.164458,Alejandro,Gorsse,68 Artisan Pass,Memphis,Tennessee,38188,184
185,2023-11-05T01:46:31.164458,Harman,Mongain,29600 Warrior Lane,Jacksonville,Florida,32225,185
186,2023-11-05T01:46:31.164458,Everett,Novotne,67 Village Center,Pompano Beach,Florida,33064,186
187,2023-11-05T01:46:31.164458,Jeanne,Garter,159 Hovde Pass,Austin,Texas,78789,187
188,2023-11-05T01:46:31.164458,Bobbi,Warhurst,1 Mccormick Junction,Charleston,West Virginia,25326,188
189,2023-11-05T01:46:31.164458,Rose,Cornau,7 Morningstar Terrace,Portland,Oregon,97206,189
190,2023-11-05T01:46:31.164458,Gwyn,Chartman,584 Anzinger Hill,Young America,Minnesota,55557,190
191,2023-11-05T01:46:31.164458,Robenia,Trevillion,01 Cody Point,Norfolk,Virginia,23504,191
192,2023-11-05T01:46:31.164458,Nelle,Maden,06 Lawn Junction,West Palm Beach,Florida,33421,192
193,2023-11-05T01:46:31.164458,Brigid,Tarn,960 Glendale Street,Hartford,Connecticut,06140,193
194,2023-11-05T01:46:31.164458,Halli,Belliss,98440 Bayside Park,Terre Haute,Indiana,47805,194
195,2023-11-05T01:46:31.164458,Sheila-kathryn,Hogben,4 Eastlawn Place,Newport News,Virginia,23605,195
196,2023-11-05T01:46:31.164458,Delia,Matuszkiewicz,4241 Paget Pass,San Jose,California,95150,196
197,2023-11-05T01:46:31.164458,Vidovik,Folan,1888 Buena Vista Point,Washington,District of Columbia,20436,197
198,2023-11-05T01:46:31.164458,Selle,Smithin,16988 Spenser Center,El Paso,Texas,88525,198
199,2023-11-05T01:46:31.164458,Helen-elizabeth,Wardall,62881 Luster Parkway,Sioux Falls,South Dakota,57198,199
200,2023-11-05T01:46:31.164458,Bronson,Pfertner,603 Red Cloud Parkway,Saint Louis,Missouri,63136,200
201,2023-11-05T01:46:31.164458,Wendel,Schuh,6749 Jay Place,San Diego,California,92170,201
202,2023-11-05T01:46:31.164458,Glen,Wych,768 South Way,Akron,Ohio,44305,202
203,2023-11-05T01:46:31.164458,Kimbell,Prise,202 Kingsford Trail,Dayton,Ohio,45414,203
204,2023-11-05T01:46:31.164458,Dirk,Duchasteau,349 Kensington Alley,Spokane,Washington,99210,204
205,2023-11-05T01:46:31.164458,Nels,Burndred,391 Moose Terrace,Des Moines,Iowa,50305,205
206,2023-11-05T01:46:31.164458,Will,Lawey,55606 Sugar Street,San Antonio,Texas,78205,206
207,2023-11-05T01:46:31.164458,Nelli,Tevelov,520 Schurz Park,San Diego,California,92121,207
208,2023-11-05T01:46:31.164458,Janine,Fidilis,16 Mendota Crossing,Las Vegas,Nevada,89140,208
209,2023-11-05T01:46:31.164458,Allianora,Pinel,69 Hermina Parkway,Bakersfield,California,93305,209
210,2023-11-05T01:46:31.164458,Flemming,Baythorp,750 Stuart Terrace,Saint Louis,Missouri,63169,210
211,2023-11-05T01:46:31.164458,Rodolfo,Richfield,49 Northfield Drive,Shreveport,Louisiana,71161,211
212,2023-11-05T01:46:31.164458,Maxwell,Blaszczak,9564 Marcy Hill,Arvada,Colorado,80005,212
213,2023-11-05T01:46:31.164458,Delilah,Skirrow,539 Esch Road,New Orleans,Louisiana,70187,213
214,2023-11-05T01:46:31.164458,Enrichetta,Gibson,25 Oneill Drive,San Diego,California,92160,214
215,2023-11-05T01:46:31.164458,Cleon,Linzey,984 Hovde Crossing,Memphis,Tennessee,38161,215
216,2023-11-05T01:46:31.164458,Josefina,Faircley,7 Knutson Trail,Denver,Colorado,80249,216
217,2023-11-05T01:46:31.164458,Libbi,Gatherell,5264 Carberry Street,Aurora,Colorado,80044,217
218,2023-11-05T01:46:31.164458,Rafi,Purveys,99 Mcbride Center,San Antonio,Texas,78220,218
219,2023-11-05T01:46:31.164458,Pearl,Bulloch,0 Lillian Place,Washington,District of Columbia,20041,219
220,2023-11-05T01:46:31.164458,Marven,Venus,053 Dwight Point,Washington,District of Columbia,20010,220
221,2023-11-05T01:46:31.164458,Cori,Beeswing,09 Bartelt Parkway,Boston,Massachusetts,02119,221
222,2023-11-05T01:46:31.164458,Archer,Keddey,6201 Union Court,Inglewood,California,90305,222
223,2023-11-05T01:46:31.164458,Cull,Walak,3652 Sauthoff Avenue,Anderson,Indiana,46015,223
224,2023-11-05T01:46:31.164458,Erhart,Standen,096 Roxbury Road,Schaumburg,Illinois,60193,224
225,2023-11-05T01:46:31.164458,Germaine,Scimone,15 Pennsylvania Avenue,New York City,New York,10125,225
226,2023-11-05T01:46:31.164458,Lelah,Foye,73970 Ridgeway Point,Waco,Texas,76796,226
227,2023-11-05T01:46:31.164458,Colver,McConaghy,02 Jana Point,San Diego,California,92191,227
228,2023-11-05T01:46:31.164458,Jocelyn,Bedboro,84205 Stang Way,Shreveport,Louisiana,71151,228
229,2023-11-05T01:46:31.164458,Catlaina,Graben,07 Laurel Alley,Honolulu,Hawaii,96825,229
230,2023-11-05T01:46:31.164458,Eldon,Agneau,05551 Rieder Point,Johnstown,Pennsylvania,15906,230
231,2023-11-05T01:46:31.164458,Terza,Sandels,361 Express Alley,Dallas,Texas,75277,231
232,2023-11-05T01:46:31.164458,Danita,Allington,2 Fair Oaks Trail,Memphis,Tennessee,38109,232
233,2023-11-05T01:46:31.164458,Gwendolin,Binnie,9 Judy Pass,Honolulu,Hawaii,96815,233
234,2023-11-05T01:46:31.164458,Al,Goncaves,89 Reinke Alley,Richmond,Virginia,23260,234
235,2023-11-05T01:46:31.164458,Harlene,Blampied,5257 Vernon Court,Springfield,Illinois,62718,235
236,2023-11-05T01:46:31.164458,Candie,Chimes,5830 Lotheville Center,Littleton,Colorado,80161,236
237,2023-11-05T01:46:31.164458,Pietro,Garratt,51 Bluestem Point,Atlanta,Georgia,31190,237
238,2023-11-05T01:46:31.164458,Grantley,Donaway,207 Glendale Parkway,Reno,Nevada,89519,238
239,2023-11-05T01:46:31.164458,Saunderson,Creighton,3 Arrowood Road,Lansing,Michigan,48930,239
240,2023-11-05T01:46:31.164458,Edyth,Rubes,925 Sauthoff Alley,Miami,Florida,33129,240
241,2023-11-05T01:46:31.164458,Saree,Scolts,30905 Northwestern Way,Washington,District of Columbia,20566,241
242,2023-11-05T01:46:31.164458,Agnella,Randals,2 Corben Parkway,Florence,South Carolina,29505,242
243,2023-11-05T01:46:31.164458,Allsun,Reidshaw,85507 Longview Circle,Colorado Springs,Colorado,80910,243
244,2023-11-05T01:46:31.164458,Fairlie,Pimlett,8 Gale Street,Monticello,Minnesota,55590,244
245,2023-11-05T01:46:31.164458,Richmound,Kirwan,67 Harper Terrace,Riverside,California,92519,245
246,2023-11-05T01:46:31.164458,Sylvia,Derbyshire,8 Garrison Junction,Saint Louis,Missouri,63131,246
247,2023-11-05T01:46:31.164458,Hamlen,Kaysor,2 Russell Road,Lake Charles,Louisiana,70607,247
248,2023-11-05T01:46:31.164458,Kele,Foden,76 Luster Crossing,Birmingham,Alabama,35290,248
249,2023-11-05T01:46:31.164458,Jeniffer,Weavill,91943 Dryden Center,Portland,Maine,04109,249
250,2023-11-05T01:46:31.164458,Tommie,Fitton,09 Maple Street,Boca Raton,Florida,33432,250
251,2023-11-05T01:46:31.164458,Jordain,Bortoloni,3 Waywood Road,Philadelphia,Pennsylvania,19104,251
252,2023-11-05T01:46:31.164458,Nonie,Lob,0098 Cottonwood Drive,Washington,District of Columbia,20310,252
253,2023-11-05T01:46:31.164458,Brandise,Bettis,051 Superior Junction,Fort Smith,Arkansas,72916,253
254,2023-11-05T01:46:31.164458,Susannah,Suttaby,38817 Golf Court,Harrisburg,Pennsylvania,17110,254
255,2023-11-05T01:46:31.164458,Kara,Scoines,82 Crowley Drive,Portland,Oregon,97255,255
256,2023-11-05T01:46:31.164458,Gretal,Lyddy,8584 Main Pass,Chicago,Illinois,60641,256
257,2023-11-05T01:46:31.164458,Loria,Slegg,1940 Derek Road,Hartford,Connecticut,06152,257
258,2023-11-05T01:46:31.164458,Mil,Luckman,94219 Montana Way,Juneau,Alaska,99812,258
259,2023-11-05T01:46:31.164458,Wittie,Straughan,40834 Acker Trail,Birmingham,Alabama,35295,259
260,2023-11-05T01:46:31.164458,Natka,Carruth,13 Bayside Terrace,Lubbock,Texas,79452,260
261,2023-11-05T01:46:31.164458,Babbette,Rosenfrucht,752 Reinke Terrace,Lexington,Kentucky,40524,261
262,2023-11-05T01:46:31.164458,Latrina,Penberthy,8 Lyons Circle,El Paso,Texas,79977,262
263,2023-11-05T01:46:31.164458,Anabal,Shelley,9921 Pawling Center,Dallas,Texas,75387,263
264,2023-11-05T01:46:31.164458,Daven,Van Dale,1 Melvin Place,Corona,California,92883,264
265,2023-11-05T01:46:31.164458,Hillery,Jeffcoat,851 Brickson Park Terrace,Charlotte,North Carolina,28205,265
266,2023-11-05T01:46:31.164458,Ginger,Vasishchev,39 Tomscot Terrace,Hartford,Connecticut,06145,266
267,2023-11-05T01:46:31.164458,Nani,Ganing,1702 Vidon Crossing,Rochester,New York,14639,267
268,2023-11-05T01:46:31.164458,Angelina,Hayers,89249 Kinsman Plaza,Dallas,Texas,75226,268
269,2023-11-05T01:46:31.164458,Sumner,Sheldrick,756 Moland Park,Virginia Beach,Virginia,23471,269
270,2023-11-05T01:46:31.164458,Harlen,Wathall,5009 Fremont Avenue,Pittsburgh,Pennsylvania,15235,270
271,2023-11-05T01:46:31.164458,Gay,Symmons,363 Monument Point,Rochester,New York,14604,271
272,2023-11-05T01:46:31.164458,Margaretta,Broggelli,94 Farwell Hill,Las Vegas,Nevada,89160,272
273,2023-11-05T01:46:31.164458,Janean,Raincin,686 Stephen Hill,Cincinnati,Ohio,45999,273
274,2023-11-05T01:46:31.164458,Jeffy,Willetts,98711 Lawn Point,Whittier,California,90610,274
275,2023-11-05T01:46:31.164458,Lina,Cayle,1384 Garrison Drive,Pittsburgh,Pennsylvania,15205,275
276,2023-11-05T01:46:31.164458,Dehlia,Kneeland,336 Paget Avenue,Lakewood,Washington,98498,276
277,2023-11-05T01:46:31.164458,Karyn,Seleway,6967 Del Mar Court,Albany,Georgia,31704,277
278,2023-11-05T01:46:31.164458,Alistair,Ughini,6800 Golf View Hill,Littleton,Colorado,80126,278
279,2023-11-05T01:46:31.164458,Missie,Blaksland,32 Alpine Terrace,Oklahoma City,Oklahoma,73167,279
280,2023-11-05T01:46:31.164458,Adrian,Althrope,5 Roxbury Way,San Bernardino,California,92424,280
281,2023-11-05T01:46:31.164458,Lissi,Henze,151 Eggendart Street,Trenton,New Jersey,08603,281
282,2023-11-05T01:46:31.164458,Stanleigh,Dykes,67792 Londonderry Hill,Oakland,California,94616,282
283,2023-11-05T01:46:31.164458,Norma,McTerrelly,2 Fairfield Center,Jacksonville,Florida,32277,283
284,2023-11-05T01:46:31.164458,Dave,Goligher,8030 Jenifer Court,Syracuse,New York,13251,284
285,2023-11-05T01:46:31.164458,Brittne,Fibbitts,5742 Grim Crossing,Wilmington,North Carolina,28405,285
286,2023-11-05T01:46:31.164458,Lona,Malyj,3 Claremont Circle,Erie,Pennsylvania,16534,286
287,2023-11-05T01:46:31.164458,Delila,Ryson,088 Oak Center,Memphis,Tennessee,38197,287
288,2023-11-05T01:46:31.164458,Verina,Bottom,309 Schurz Point,Dayton,Ohio,45426,288
289,2023-11-05T01:46:31.164458,Risa,Smedmoor,2 Schiller Hill,Dayton,Ohio,45454,289
290,2023-11-05T01:46:31.164458,Constancia,Dugald,32 Melrose Place,Philadelphia,Pennsylvania,19115,290
291,2023-11-05T01:46:31.164458,Frants,Dealy,06 Buell Hill,Columbus,Georgia,31914,291
292,2023-11-05T01:46:31.164458,Oralle,Sueter,03183 Sachs Avenue,Billings,Montana,59112,292
293,2023-11-05T01:46:31.164458,Mar,Tankard,4538 Del Mar Street,Jersey City,New Jersey,07310,293
294,2023-11-05T01:46:31.164458,Gael,Teasdale-Markie,18 Bluestem Terrace,Wichita,Kansas,67210,294
295,2023-11-05T01:46:31.164458,Kim,De Andreis,30 Jana Trail,Reston,Virginia,20195,295
296,2023-11-05T01:46:31.164458,Hardy,Kaplan,8590 Spaight Lane,Atlanta,Georgia,30316,296
297,2023-11-05T01:46:31.164458,Sissie,Gilfillan,697 Lyons Park,Evansville,Indiana,47705,297
298,2023-11-05T01:46:31.164458,Bruce,Sultan,915 Johnson Street,Albany,New York,12247,298
299,2023-11-05T01:46:31.164458,Garald,Kernock,53088 Old Shore Alley,Oxnard,California,93034,299
300,2023-11-05T01:46:31.164458,Flora,Bracken,14 School Point,Washington,District of Columbia,20530,300
301,2023-11-05T01:46:31.164458,Shelli,Van Oord,3 Pepper Wood Plaza,San Diego,California,92176,301
302,2023-11-05T01:46:31.164458,Valentijn,Di Angelo,538 Dapin Center,Omaha,Nebraska,68105,302
303,2023-11-05T01:46:31.164458,Hamish,Ingraham,350 Melody Terrace,Glendale,Arizona,85305,303
304,2023-11-05T01:46:31.164458,Callie,Sutherby,60035 3rd Place,Boise,Idaho,83727,304
305,2023-11-05T01:46:31.164458,Tine,Ramsbotham,6045 Sauthoff Parkway,El Paso,Texas,79950,305
306,2023-11-05T01:46:31.164458,Lark,Deverall,75358 Basil Park,Des Moines,Iowa,50347,306
307,2023-11-05T01:46:31.164458,Franciskus,Stump,33 Hoffman Trail,Brooksville,Florida,34605,307
308,2023-11-05T01:46:31.164458,Sybila,Duckerin,2 Bartillon Terrace,Jamaica,New York,11480,308
309,2023-11-05T01:46:31.164458,Kellina,Poulton,82072 Lakewood Road,Memphis,Tennessee,38197,309
310,2023-11-05T01:46:31.164458,Devin,Glasspool,07468 Center Lane,Tuscaloosa,Alabama,35487,310
311,2023-11-05T01:46:31.164458,Auria,Kelly,15 Corry Road,Chicago,Illinois,60657,311
312,2023-11-05T01:46:31.164458,Suzette,Wikey,503 Maryland Road,New York City,New York,10105,312
313,2023-11-05T01:46:31.164458,L;urette,Warrillow,202 Green Ridge Hill,South Bend,Indiana,46614,313
314,2023-11-05T01:46:31.164458,Morgen,Haw,42 International Park,Los Angeles,California,90081,314
315,2023-11-05T01:46:31.164458,Roselia,Ivashnyov,7 Oak Valley Point,Columbus,Georgia,31914,315
316,2023-11-05T01:46:31.164458,Jimmy,Macieja,60049 West Avenue,Cincinnati,Ohio,45213,316
317,2023-11-05T01:46:31.164458,Auberta,Feander,1794 Loeprich Lane,Birmingham,Alabama,35254,317
318,2023-11-05T01:46:31.164458,Mel,Wildman,2 Mallory Court,Winston Salem,North Carolina,27105,318
319,2023-11-05T01:46:31.164458,Carny,Pancoust,7 Colorado Court,Shawnee Mission,Kansas,66276,319
320,2023-11-05T01:46:31.164458,Anastasie,Filpo,26 Buhler Center,Miami,Florida,33153,320
321,2023-11-05T01:46:31.164458,Maison,Ladbrook,608 Thompson Street,Amarillo,Texas,79105,321
322,2023-11-05T01:46:31.164458,Windy,Conor,2238 Muir Point,Minneapolis,Minnesota,55441,322
323,2023-11-05T01:46:31.164458,Tobye,Coulson,7042 Waywood Junction,Port Saint Lucie,Florida,34985,323
324,2023-11-05T01:46:31.164458,Othella,Hannabuss,96048 Debs Plaza,San Antonio,Texas,78225,324
325,2023-11-05T01:46:31.164458,Eli,Rattenbury,94140 Esch Avenue,Chattanooga,Tennessee,37450,325
326,2023-11-05T01:46:31.164458,Durand,Jerrolt,5 School Trail,Rochester,New York,14604,326
327,2023-11-05T01:46:31.164458,Kaitlin,Burdass,750 Hallows Drive,San Jose,California,95108,327
328,2023-11-05T01:46:31.164458,Maureene,Fuster,0 Grim Center,Pensacola,Florida,32595,328
329,2023-11-05T01:46:31.164458,Gail,Boston,799 Hallows Trail,Cheyenne,Wyoming,82007,329
330,2023-11-05T01:46:31.164458,Karlens,Wakeford,395 Manitowish Avenue,Seattle,Washington,98133,330
331,2023-11-05T01:46:31.164458,Lula,Simmon,4 Schiller Park,Simi Valley,California,93094,331
332,2023-11-05T01:46:31.164458,Felita,McKennan,47430 Carberry Avenue,Saint Petersburg,Florida,33737,332
333,2023-11-05T01:46:31.164458,Cissiee,Longley,534 Pierstorff Drive,Tampa,Florida,33647,333
334,2023-11-05T01:46:31.164458,Donavon,Spragg,3804 Mcguire Plaza,Grand Forks,North Dakota,58207,334
335,2023-11-05T01:46:31.164458,Brietta,Belf,7 Kipling Road,Washington,District of Columbia,20425,335
336,2023-11-05T01:46:31.164458,Chere,Hartwright,63 Farmco Court,Myrtle Beach,South Carolina,29579,336
337,2023-11-05T01:46:31.164458,Kylie,Joblin,025 1st Place,Columbia,South Carolina,29208,337
338,2023-11-05T01:46:31.164458,Merv,Van Daalen,819 Gale Point,Topeka,Kansas,66642,338
339,2023-11-05T01:46:31.164458,Max,Tonry,2664 Southridge Trail,Springfield,Missouri,65805,339
340,2023-11-05T01:46:31.164458,Shayla,Turmall,4304 3rd Pass,Detroit,Michigan,48206,340
341,2023-11-05T01:46:31.164458,Alyson,Cushion,6 Center Hill,East Saint Louis,Illinois,62205,341
342,2023-11-05T01:46:31.164458,Brynne,Hinstock,536 Onsgard Street,Tacoma,Washington,98464,342
343,2023-11-05T01:46:31.164458,Theadora,Velte,85889 Orin Road,Charlotte,North Carolina,28235,343
344,2023-11-05T01:46:31.164458,Charissa,Lutas,1 Sullivan Crossing,Salinas,California,93907,344
345,2023-11-05T01:46:31.164458,Celene,Day,6 Glacier Hill Drive,Huntington,West Virginia,25726,345
346,2023-11-05T01:46:31.164458,Cedric,Dibnah,5 Rusk Road,Memphis,Tennessee,38168,346
347,2023-11-05T01:46:31.164458,Bernarr,Avrahamoff,9 Springview Parkway,Dallas,Texas,75287,347
348,2023-11-05T01:46:31.164458,Brett,Swin,82464 Michigan Avenue,Baltimore,Maryland,21290,348
349,2023-11-05T01:46:31.164458,Ysabel,Ivanitsa,14 Melody Hill,Sioux Falls,South Dakota,57110,349
350,2023-11-05T01:46:31.164458,Benyamin,Guilloud,0 Melvin Junction,Fort Lauderdale,Florida,33315,350
351,2023-11-05T01:46:31.164458,Codie,MacCafferty,7 Laurel Junction,Hampton,Virginia,23663,351
352,2023-11-05T01:46:31.164458,Jorry,Denisevich,9876 Southridge Avenue,Lake Worth,Florida,33462,352
353,2023-11-05T01:46:31.164458,Demetra,Filgate,067 Macpherson Point,Carlsbad,California,92013,353
354,2023-11-05T01:46:31.164458,Siouxie,Coen,1 Surrey Point,Phoenix,Arizona,85015,354
355,2023-11-05T01:46:31.164458,Rowen,Nettleship,2804 Green Lane,Kansas City,Missouri,64109,355
356,2023-11-05T01:46:31.164458,Afton,Sainsbury-Brown,157 Farragut Plaza,Charlotte,North Carolina,28210,356
357,2023-11-05T01:46:31.164458,Randene,Rahlof,44008 Dexter Parkway,Washington,District of Columbia,20299,357
358,2023-11-05T01:46:31.164458,Ralf,Bryson,0381 Gale Alley,Omaha,Nebraska,68124,358
359,2023-11-05T01:46:31.164458,Nancy,Quesne,4007 Manitowish Terrace,Chicago,Illinois,60614,359
360,2023-11-05T01:46:31.164458,Courtnay,Stallebrass,58 Cascade Drive,Washington,District of Columbia,20016,360
361,2023-11-05T01:46:31.164458,Allissa,Ramshaw,0 Bashford Junction,Madison,Wisconsin,53726,361
362,2023-11-05T01:46:31.164458,Jerad,Kanter,16373 Straubel Crossing,Indianapolis,Indiana,46202,362
363,2023-11-05T01:46:31.164458,Minny,Dreamer,13559 Vahlen Center,Scottsdale,Arizona,85260,363
364,2023-11-05T01:46:31.164458,Misha,MacCourt,295 Twin Pines Road,Charleston,South Carolina,29424,364
365,2023-11-05T01:46:31.164458,Nanette,Dax,62253 Marquette Trail,Hollywood,Florida,33028,365
366,2023-11-05T01:46:31.164458,Glenine,Sturgeon,2 Lien Terrace,Oxnard,California,93034,366
367,2023-11-05T01:46:31.164458,Radcliffe,Machen,544 Arapahoe Point,Albuquerque,New Mexico,87180,367
368,2023-11-05T01:46:31.164458,Hana,Ehlerding,11 Leroy Parkway,Chattanooga,Tennessee,37405,368
369,2023-11-05T01:46:31.164458,Aubrey,Morrad,560 Messerschmidt Road,Fort Worth,Texas,76110,369
370,2023-11-05T01:46:31.164458,Tracie,Dyter,1 Truax Road,Louisville,Kentucky,40250,370
371,2023-11-05T01:46:31.164458,Catlaina,Jenkerson,91 Marcy Center,Philadelphia,Pennsylvania,19120,371
372,2023-11-05T01:46:31.164458,Amby,Tomczykiewicz,97 Fordem Junction,Silver Spring,Maryland,20918,372
373,2023-11-05T01:46:31.164458,Dame,Sweatland,08524 Hansons Street,Birmingham,Alabama,35210,373
374,2023-11-05T01:46:31.164458,Vin,Rumbellow,77753 Roth Circle,Jackson,Mississippi,39216,374
375,2023-11-05T01:46:31.164458,Suzi,Polon,489 Lighthouse Bay Plaza,Winston Salem,North Carolina,27105,375
376,2023-11-05T01:46:31.164458,Doti,Tames,6 Sauthoff Court,Bonita Springs,Florida,34135,376
377,2023-11-05T01:46:31.164458,Bay,Connaughton,486 Hauk Park,Frankfort,Kentucky,40618,377
378,2023-11-05T01:46:31.164458,Felic,Minghi,0427 Upham Parkway,Washington,District of Columbia,20319,378
379,2023-11-05T01:46:31.164458,Robinett,Redsull,88 Haas Point,Lexington,Kentucky,40546,379
380,2023-11-05T01:46:31.164458,Maribeth,Tarburn,83160 Leroy Road,Buffalo,New York,14233,380
381,2023-11-05T01:46:31.164458,Sandy,Hallt,0977 Kinsman Crossing,Alexandria,Virginia,22333,381
382,2023-11-05T01:46:31.164458,Rebekah,Carthy,6 Londonderry Circle,Prescott,Arizona,86305,382
383,2023-11-05T01:46:31.164458,Lief,Arthy,61137 Bunker Hill Place,Independence,Missouri,64054,383
384,2023-11-05T01:46:31.164458,Netti,Jerg,11815 Eggendart Lane,Amarillo,Texas,79165,384
385,2023-11-05T01:46:31.164458,Elias,Ollier,37885 Schlimgen Street,Phoenix,Arizona,85077,385
386,2023-11-05T01:46:31.164458,Jobye,Tattam,2363 Helena Alley,Evansville,Indiana,47705,386
387,2023-11-05T01:46:31.164458,Kathi,Cardo,5590 Union Road,Louisville,Kentucky,40210,387
388,2023-11-05T01:46:31.164458,Aubine,Taylerson,6 Jenifer Plaza,Dayton,Ohio,45470,388
389,2023-11-05T01:46:31.164458,Leone,Dufton,0718 Nobel Center,Lafayette,Louisiana,70505,389
390,2023-11-05T01:46:31.164458,Costanza,Carnelley,0 Granby Way,Peoria,Illinois,61640,390
391,2023-11-05T01:46:31.164458,Amby,Murrish,9055 Fisk Hill,New York City,New York,10099,391
392,2023-11-05T01:46:31.164458,Hephzibah,Plaistowe,1 Lindbergh Drive,Houston,Texas,77025,392
393,2023-11-05T01:46:31.164458,Felicity,Dudbridge,09064 Canary Center,Sacramento,California,94245,393
394,2023-11-05T01:46:31.164458,Philip,Petegree,6 Lighthouse Bay Trail,Levittown,Pennsylvania,19058,394
395,2023-11-05T01:46:31.164458,Hayden,Pennrington,61851 Valley Edge Lane,Springfield,Illinois,62776,395
396,2023-11-05T01:46:31.164458,Jocelyn,Mackie,3650 Corry Junction,Honolulu,Hawaii,96810,396
397,2023-11-05T01:46:31.164458,Tanya,Howchin,77 Commercial Street,Atlanta,Georgia,30358,397
398,2023-11-05T01:46:31.164458,Randy,Falconar,5503 Ryan Way,Washington,District of Columbia,20535,398
399,2023-11-05T01:46:31.164458,Carlene,McPeeters,714 Fieldstone Circle,Dallas,Texas,75226,399
400,2023-11-05T01:46:31.164458,Crawford,Moss,78505 Lighthouse Bay Drive,Hollywood,Florida,33028,400
401,2023-11-05T01:46:31.164458,Wrennie,Caudrelier,39219 Novick Street,Saint Louis,Missouri,63196,401
402,2023-11-05T01:46:31.164458,Erek,Antoniutti,9946 Saint Paul Way,Muskegon,Michigan,49444,402
403,2023-11-05T01:46:31.164458,Dari,Buffin,14797 Porter Plaza,Daytona Beach,Florida,32128,403
404,2023-11-05T01:46:31.164458,Lowrance,Jopson,72 Kedzie Crossing,Sacramento,California,94237,404
405,2023-11-05T01:46:31.164458,Domenico,Edgeson,63 Derek Road,Dallas,Texas,75221,405
406,2023-11-05T01:46:31.164458,Lamond,Golson,7 Maple Center,Salinas,California,93907,406
407,2023-11-05T01:46:31.164458,Haze,McCarney,1 Armistice Center,Colorado Springs,Colorado,80940,407
408,2023-11-05T01:46:31.164458,Garvey,Tailour,7806 Lyons Alley,San Jose,California,95138,408
409,2023-11-05T01:46:31.164458,Allys,Jay,2 Northland Point,Columbia,South Carolina,29240,409
410,2023-11-05T01:46:31.164458,Cristionna,Surcombe,626 Little Fleur Alley,Las Vegas,Nevada,89150,410
411,2023-11-05T01:46:31.164458,Nesta,Pringer,37 8th Terrace,Pittsburgh,Pennsylvania,15286,411
412,2023-11-05T01:46:31.164458,Sauncho,Balfe,6279 Delaware Center,Cincinnati,Ohio,45238,412
413,2023-11-05T01:46:31.164458,Laina,Considine,15909 Portage Circle,Minneapolis,Minnesota,55428,413
414,2023-11-05T01:46:31.164458,Greta,Cash,304 Vermont Park,Trenton,New Jersey,08638,414
415,2023-11-05T01:46:31.164458,Waylon,Tireman,824 Roxbury Alley,Anchorage,Alaska,99599,415
416,2023-11-05T01:46:31.164458,Marlena,Vettore,48238 Meadow Valley Avenue,Minneapolis,Minnesota,55423,416
417,2023-11-05T01:46:31.164458,Pier,Mussett,4055 Parkside Point,Bellevue,Washington,98008,417
418,2023-11-05T01:46:31.164458,Pepita,Beazley,5605 Canary Center,Youngstown,Ohio,44555,418
419,2023-11-05T01:46:31.164458,Beverly,Pele,4 Almo Lane,Washington,District of Columbia,20456,419
420,2023-11-05T01:46:31.164458,Frasco,Mc Comb,5013 Hovde Street,New York City,New York,10034,420
421,2023-11-05T01:46:31.164458,Lorry,Rudge,78 Esch Crossing,Spartanburg,South Carolina,29319,421
422,2023-11-05T01:46:31.164458,Danella,Stubbs,5 Delaware Road,Chicago,Illinois,60697,422
423,2023-11-05T01:46:31.164458,Fields,Rogier,1 Loeprich Road,Aurora,Illinois,60505,423
424,2023-11-05T01:46:31.164458,Eugenia,Bridgett,235 Menomonie Park,Palmdale,California,93591,424
425,2023-11-05T01:46:31.164458,Filippa,Accum,034 Fuller Junction,Alexandria,Virginia,22301,425
426,2023-11-05T01:46:31.164458,Yvonne,De Matteis,09 Grim Parkway,Newton,Massachusetts,02458,426
427,2023-11-05T01:46:31.164458,Bertie,Skill,1 Garrison Street,Houston,Texas,77065,427
428,2023-11-05T01:46:31.164458,Benyamin,Bazley,530 Crest Line Pass,Pensacola,Florida,32595,428
429,2023-11-05T01:46:31.164458,Harley,Izachik,16 Portage Lane,Columbus,Georgia,31904,429
430,2023-11-05T01:46:31.164458,Eugenio,Bucknill,75 Rusk Hill,Brooklyn,New York,11215,430
431,2023-11-05T01:46:31.164458,Alyssa,Harpham,66454 Bartelt Circle,Corpus Christi,Texas,78405,431
432,2023-11-05T01:46:31.164458,Dalton,Gowry,3 Trailsway Way,El Paso,Texas,79928,432
433,2023-11-05T01:46:31.164458,Clayson,McGinnell,680 Kim Lane,Wichita,Kansas,67236,433
434,2023-11-05T01:46:31.164458,Kayla,Honeywood,346 Eliot Lane,Green Bay,Wisconsin,54305,434
435,2023-11-05T01:46:31.164458,Mathilda,Sandeford,9189 Hooker Hill,Chicago,Illinois,60686,435
436,2023-11-05T01:46:31.164458,Brigit,Beston,7736 Chinook Crossing,Brockton,Massachusetts,02305,436
437,2023-11-05T01:46:31.164458,Clim,Crabtree,157 Lakewood Gardens Point,Lincoln,Nebraska,68583,437
438,2023-11-05T01:46:31.164458,Jerrome,Southard,2207 Scofield Drive,Cedar Rapids,Iowa,52410,438
439,2023-11-05T01:46:31.164458,Marj,Headech,3493 Spohn Terrace,Chicago,Illinois,60619,439
440,2023-11-05T01:46:31.164458,Wilow,Verick,8 Harbort Road,Little Rock,Arkansas,72231,440
441,2023-11-05T01:46:31.164458,Justus,Goodhew,897 Rowland Alley,Springfield,Missouri,65898,441
442,2023-11-05T01:46:31.164458,Dwayne,Wildin,945 Fulton Street,Duluth,Minnesota,55805,442
443,2023-11-05T01:46:31.164458,Igor,Brent,88556 Johnson Lane,Abilene,Texas,79699,443
444,2023-11-05T01:46:31.164458,Becki,Halston,5003 Granby Drive,Fort Lauderdale,Florida,33310,444
445,2023-11-05T01:46:31.164458,Sydney,Keward,9098 Clemons Parkway,Oklahoma City,Oklahoma,73104,445
446,2023-11-05T01:46:31.164458,Cobb,Boggish,0661 Vermont Plaza,Sandy,Utah,84093,446
447,2023-11-05T01:46:31.164458,Hakim,Balharry,1 Havey Drive,Columbus,Georgia,31914,447
448,2023-11-05T01:46:31.164458,Vin,Cloutt,020 Knutson Way,Orlando,Florida,32819,448
449,2023-11-05T01:46:31.164458,Mick,Pattenden,3319 Fremont Park,Saint Petersburg,Florida,33742,449
450,2023-11-05T01:46:31.164458,Aurelea,Abramski,6 Little Fleur Road,Pompano Beach,Florida,33069,450
451,2023-11-05T01:46:31.164458,Kelsi,Giddens,849 Mitchell Hill,Springfield,Illinois,62756,451
452,2023-11-05T01:46:31.164458,Dolly,Britee,8094 Stang Avenue,Miami,Florida,33111,452
453,2023-11-05T01:46:31.164458,Giordano,Valentelli,9 Luster Parkway,Las Vegas,Nevada,89110,453
454,2023-11-05T01:46:31.164458,Evelina,Berthot,1 Lawn Way,Brea,California,92822,454
455,2023-11-05T01:46:31.164458,Celine,Hughes,873 Karstens Parkway,Knoxville,Tennessee,37995,455
456,2023-11-05T01:46:31.164458,Steffi,McDougle,44663 Menomonie Plaza,Inglewood,California,90398,456
457,2023-11-05T01:46:31.164458,Veronike,Cabrales,9 Sugar Court,Des Moines,Iowa,50330,457
458,2023-11-05T01:46:31.164458,Wallie,Goard,7838 Melvin Road,Kansas City,Missouri,64114,458
459,2023-11-05T01:46:31.164458,Jacquette,Colbeck,8 Cardinal Junction,Salt Lake City,Utah,84125,459
460,2023-11-05T01:46:31.164458,Cassi,Sturgeon,96706 Kim Terrace,Topeka,Kansas,66617,460
461,2023-11-05T01:46:31.164458,Ignacio,Gallyon,70 Bluejay Hill,Fairfield,Connecticut,06825,461
462,2023-11-05T01:46:31.164458,Lou,Stollenbecker,38139 Warner Street,New Orleans,Louisiana,70174,462
463,2023-11-05T01:46:31.164458,Delmar,Binfield,39 Bluestem Junction,Ann Arbor,Michigan,48107,463
464,2023-11-05T01:46:31.164458,Eveline,Angrick,248 Barby Terrace,Elmira,New York,14905,464
465,2023-11-05T01:46:31.164458,Giovanna,Lilie,21 Oneill Park,Stockton,California,95219,465
466,2023-11-05T01:46:31.164458,Tana,Mendonca,779 Canary Lane,San Diego,California,92170,466
467,2023-11-05T01:46:31.164458,Cly,Skeermer,89 Bonner Junction,Boston,Massachusetts,02109,467
468,2023-11-05T01:46:31.164458,Janeta,Augustus,23 Menomonie Pass,Kansas City,Missouri,64179,468
469,2023-11-05T01:46:31.164458,Oby,Scurrer,17857 Harper Crossing,Miami,Florida,33111,469
470,2023-11-05T01:46:31.164458,Amelita,Robbeke,6 Maple Wood Trail,Davenport,Iowa,52809,470
471,2023-11-05T01:46:31.164458,Carney,Whetson,1 Florence Circle,Bradenton,Florida,34205,471
472,2023-11-05T01:46:31.164458,Toni,Hoffman,5 Fisk Place,Pittsburgh,Pennsylvania,15255,472
473,2023-11-05T01:46:31.164458,Felicity,Petrik,16260 Utah Way,Trenton,New Jersey,08638,473
474,2023-11-05T01:46:31.164458,Trisha,Sainsbury-Brown,90567 Monument Park,Austin,Texas,78778,474
475,2023-11-05T01:46:31.164458,Win,Faux,1 Hanover Way,Tampa,Florida,33610,475
476,2023-11-05T01:46:31.164458,Melloney,Cianelli,17 Southridge Circle,Brooklyn,New York,11225,476
477,2023-11-05T01:46:31.164458,Ula,Morshead,513 Towne Crossing,Denver,Colorado,80241,477
478,2023-11-05T01:46:31.164458,Cecilla,Locock,96 Carberry Way,Washington,District of Columbia,20546,478
479,2023-11-05T01:46:31.164458,Wrennie,Danilenko,76990 John Wall Alley,Elizabeth,New Jersey,07208,479
480,2023-11-05T01:46:31.164458,Myles,Dupoy,55 Mesta Street,San Francisco,California,94142,480
481,2023-11-05T01:46:31.164458,Olivier,Penas,00733 Red Cloud Way,Denver,Colorado,80223,481
482,2023-11-05T01:46:31.164458,Manon,La Vigne,18 Dryden Terrace,Washington,District of Columbia,20425,482
483,2023-11-05T01:46:31.164458,Niles,Dohmann,5 Debra Plaza,Youngstown,Ohio,44505,483
484,2023-11-05T01:46:31.164458,Alexis,Bussel,567 Birchwood Drive,Fresno,California,93726,484
485,2023-11-05T01:46:31.164458,Garrick,Redholes,7161 Sommers Way,Los Angeles,California,90005,485
486,2023-11-05T01:46:31.164458,Wylma,Mateu,958 Northport Point,Saint Louis,Missouri,63167,486
487,2023-11-05T01:46:31.164458,Orton,Ezele,957 Macpherson Center,Dallas,Texas,75210,487
488,2023-11-05T01:46:31.164458,Vachel,Piccard,5 Kedzie Road,Fort Worth,Texas,76198,488
489,2023-11-05T01:46:31.164458,Elli,Lippett,4592 Mandrake Park,Madison,Wisconsin,53779,489
490,2023-11-05T01:46:31.164458,Korry,Upwood,47 Grasskamp Junction,Pittsburgh,Pennsylvania,15274,490
491,2023-11-05T01:46:31.164458,Tim,Alabone,33 Lighthouse Bay Pass,Springfield,Massachusetts,01129,491
492,2023-11-05T01:46:31.164458,Harrie,Yonnie,66401 Fairview Plaza,Montgomery,Alabama,36104,492
493,2023-11-05T01:46:31.164458,Lyssa,Rosenfelt,84 1st Center,Tacoma,Washington,98405,493
494,2023-11-05T01:46:31.164458,Minny,Rousby,87 Superior Pass,Riverside,California,92513,494
495,2023-11-05T01:46:31.164458,Adara,Wharfe,9328 Ridge Oak Hill,Phoenix,Arizona,85062,495
496,2023-11-05T01:46:31.164458,Lockwood,Schriren,8260 Chinook Junction,Miami,Florida,33134,496
497,2023-11-05T01:46:31.164458,Ame,Cowie,57055 Spaight Parkway,Albany,New York,12232,497
498,2023-11-05T01:46:31.164458,Rennie,Barnicott,0124 Transport Court,Hartford,Connecticut,06105,498
499,2023-11-05T01:46:31.164458,Rowen,Sleight,077 Sauthoff Circle,Roanoke,Virginia,24040,499
500,2023-11-05T01:46:31.164458,Kaia,Gillyett,765 Blackbird Terrace,Detroit,Michigan,48267,500
501,2023-11-05T01:46:31.164458,Mallory,Priestner,6 Union Crossing,San Diego,California,92186,501
502,2023-11-05T01:46:31.164458,Layne,McRobbie,57 Buena Vista Drive,Austin,Texas,78732,502
503,2023-11-05T01:46:31.164458,Vinny,Ferie,11 Melvin Trail,Jacksonville,Florida,32255,503
504,2023-11-05T01:46:31.164458,Rosalinda,Merdew,259 Manufacturers Trail,Wilkes Barre,Pennsylvania,18706,504
505,2023-11-05T01:46:31.164458,Boone,Radbourne,20487 Center Junction,Sacramento,California,95838,505
506,2023-11-05T01:46:31.164458,Arlen,Lyokhin,803 Tennyson Trail,Norfolk,Virginia,23520,506
507,2023-11-05T01:46:31.164458,Javier,Peepall,448 Huxley Crossing,Louisville,Kentucky,40280,507
508,2023-11-05T01:46:31.164458,Lucienne,Kasper,965 Bashford Drive,Sacramento,California,94230,508
509,2023-11-05T01:46:31.164458,Dominica,Mc Comb,1812 Namekagon Avenue,Monroe,Louisiana,71213,509
510,2023-11-05T01:46:31.164458,Candice,Mattioni,64 Browning Point,Topeka,Kansas,66642,510
511,2023-11-05T01:46:31.164458,Myrtia,Jedraszczyk,371 Aberg Way,Pompano Beach,Florida,33064,511
512,2023-11-05T01:46:31.164458,Ramsay,Redmire,3050 Dahle Hill,Richmond,Virginia,23208,512
513,2023-11-05T01:46:31.164458,Bo,Stegel,62366 Cordelia Park,San Francisco,California,94116,513
514,2023-11-05T01:46:31.164458,Alphonse,Pelos,9509 Lien Hill,Montgomery,Alabama,36195,514
515,2023-11-05T01:46:31.164458,Cassondra,Dubery,8 Fisk Park,Tampa,Florida,33694,515
516,2023-11-05T01:46:31.164458,Xaviera,Totton,7 Crowley Drive,West Palm Beach,Florida,33421,516
517,2023-11-05T01:46:31.164458,Charline,Zanitti,93 Ridge Oak Way,Fort Lauderdale,Florida,33320,517
518,2023-11-05T01:46:31.164458,Coreen,Jenyns,37169 Graedel Point,Jacksonville,Florida,32209,518
519,2023-11-05T01:46:31.164458,Barclay,Jessen,9 Hollow Ridge Circle,Fort Pierce,Florida,34949,519
520,2023-11-05T01:46:31.164458,Hanan,Barnsdall,072 Homewood Trail,San Francisco,California,94105,520
521,2023-11-05T01:46:31.164458,Lucius,Gowen,7254 Loftsgordon Drive,Corpus Christi,Texas,78405,521
522,2023-11-05T01:46:31.164458,Adriena,Roof,2 Clarendon Trail,Lincoln,Nebraska,68517,522
523,2023-11-05T01:46:31.164458,Sheffield,Pragnall,4857 Bartelt Court,Amarillo,Texas,79165,523
524,2023-11-05T01:46:31.164458,Hershel,Bolwell,85653 Armistice Lane,Hamilton,Ohio,45020,524
525,2023-11-05T01:46:31.164458,Carroll,Rickell,91 Sutteridge Point,Galveston,Texas,77554,525
526,2023-11-05T01:46:31.164458,Ynes,Coate,70528 Northport Road,Jackson,Tennessee,38308,526
527,2023-11-05T01:46:31.164458,Morna,Liff,9079 Myrtle Drive,Dallas,Texas,75387,527
528,2023-11-05T01:46:31.164458,Chryste,Lamba,83 Barnett Avenue,Fort Worth,Texas,76147,528
529,2023-11-05T01:46:31.164458,Stacee,Kearey,38 Rigney Way,Shawnee Mission,Kansas,66215,529
530,2023-11-05T01:46:31.164458,Finn,Roycroft,9523 Kensington Pass,Houston,Texas,77020,530
531,2023-11-05T01:46:31.164458,Raye,Provest,7175 Butterfield Way,Cleveland,Ohio,44191,531
532,2023-11-05T01:46:31.164458,Silvio,Merington,9064 Prairieview Circle,Sacramento,California,95818,532
533,2023-11-05T01:46:31.164458,Robby,Nowland,6926 Bartelt Plaza,Newark,New Jersey,07195,533
534,2023-11-05T01:46:31.164458,May,Hunnable,1934 Maple Pass,Erie,Pennsylvania,16505,534
535,2023-11-05T01:46:31.164458,Annamarie,Charrett,017 Merry Parkway,Santa Ana,California,92725,535
536,2023-11-05T01:46:31.164458,Baxter,McRory,3 American Ash Center,Peoria,Illinois,61614,536
537,2023-11-05T01:46:31.164458,Lynn,Hughf,95528 Dunning Place,Knoxville,Tennessee,37919,537
538,2023-11-05T01:46:31.164458,Sandor,Anthoin,0254 Reindahl Street,Charlotte,North Carolina,28247,538
539,2023-11-05T01:46:31.164458,Catharine,Hanaby,10478 Boyd Plaza,Escondido,California,92030,539
540,2023-11-05T01:46:31.164458,Lynnell,Genever,378 Pond Street,Washington,District of Columbia,20088,540
541,2023-11-05T01:46:31.164458,Randolf,Clamo,1656 Shoshone Center,Las Vegas,Nevada,89193,541
542,2023-11-05T01:46:31.164458,Nevsa,Keable,17156 Summer Ridge Terrace,Phoenix,Arizona,85077,542
543,2023-11-05T01:46:31.164458,Margareta,Stockwell,09 7th Point,Temple,Texas,76505,543
544,2023-11-05T01:46:31.164458,Birch,Mattam,31 Briar Crest Park,Detroit,Michigan,48217,544
545,2023-11-05T01:46:31.164458,Martyn,Barck,9391 Wayridge Avenue,Springfield,Virginia,22156,545
546,2023-11-05T01:46:31.164458,Boy,Phillins,7 Truax Avenue,Daytona Beach,Florida,32123,546
547,2023-11-05T01:46:31.164458,My,Miko,5732 Twin Pines Junction,Atlanta,Georgia,30323,547
548,2023-11-05T01:46:31.164458,Isahella,Charopen,173 School Plaza,Berkeley,California,94712,548
549,2023-11-05T01:46:31.164458,Meryl,Rodrigo,0534 Pepper Wood Place,Harrisburg,Pennsylvania,17140,549
550,2023-11-05T01:46:31.164458,Hervey,Crowth,737 Westridge Junction,Greenville,South Carolina,29605,550
551,2023-11-05T01:46:31.164458,Maxie,Maasz,661 Randy Lane,Akron,Ohio,44315,551
552,2023-11-05T01:46:31.164458,Alard,Forrest,26 Lakewood Circle,Chicago,Illinois,60630,552
553,2023-11-05T01:46:31.164458,Selie,Eckford,2852 Kipling Point,Columbus,Georgia,31914,553
554,2023-11-05T01:46:31.164458,Levy,Impson,2 Mayfield Circle,Norwalk,Connecticut,06859,554
555,2023-11-05T01:46:31.164458,Flossie,Maidlow,1395 Sherman Park,Jackson,Mississippi,39282,555
556,2023-11-05T01:46:31.164458,Cari,Monson,71 Myrtle Trail,Abilene,Texas,79605,556
557,2023-11-05T01:46:31.164458,Junina,Sutehall,8190 Gateway Place,Buffalo,New York,14210,557
558,2023-11-05T01:46:31.164458,Maurise,Crielly,063 Warrior Point,Oakland,California,94616,558
559,2023-11-05T01:46:31.164458,Vi,Shovlar,26523 Pierstorff Plaza,Newark,New Jersey,07112,559
560,2023-11-05T01:46:31.164458,Layton,Stodit,8 Hagan Road,San Diego,California,92145,560
561,2023-11-05T01:46:31.164458,Paxon,Dedenham,43729 Northland Drive,Tacoma,Washington,98424,561
562,2023-11-05T01:46:31.164458,Shane,Abercromby,6 Ridge Oak Court,Seattle,Washington,98185,562
563,2023-11-05T01:46:31.164458,Domeniga,Antoszczyk,4 Homewood Center,Newark,Delaware,19714,563
564,2023-11-05T01:46:31.164458,Ivory,Rowswell,96 Elka Drive,Wichita,Kansas,67210,564
565,2023-11-05T01:46:31.164458,Susette,Royan,5 Fair Oaks Hill,Carson City,Nevada,89714,565
566,2023-11-05T01:46:31.164458,Rafaela,Soans,99 Atwood Trail,Yakima,Washington,98907,566
567,2023-11-05T01:46:31.164458,Liva,Stennings,4 Ridge Oak Alley,Austin,Texas,78715,567
568,2023-11-05T01:46:31.164458,Ediva,Gonsalvez,12861 Valley Edge Pass,Racine,Wisconsin,53405,568
569,2023-11-05T01:46:31.164458,Sarina,Torald,56901 Cardinal Crossing,Boston,Massachusetts,02104,569
570,2023-11-05T01:46:31.164458,Starla,Edgar,726 Carey Drive,Vancouver,Washington,98664,570
571,2023-11-05T01:46:31.164458,Catlaina,Gotobed,8756 Columbus Center,Bowie,Maryland,20719,571
572,2023-11-05T01:46:31.164458,Lauryn,Todarini,5 Northview Center,Waco,Texas,76705,572
573,2023-11-05T01:46:31.164458,Cecil,Nockolds,47264 Village Green Junction,Nashville,Tennessee,37250,573
574,2023-11-05T01:46:31.164458,Dora,Kleisel,49983 2nd Trail,Fresno,California,93786,574
575,2023-11-05T01:46:31.164458,Else,Jowling,7644 Canary Trail,Syracuse,New York,13205,575
576,2023-11-05T01:46:31.164458,Martynne,Laing,60692 Novick Circle,Fort Wayne,Indiana,46852,576
577,2023-11-05T01:46:31.164458,Antoinette,Duddridge,15 Bay Road,Omaha,Nebraska,68105,577
578,2023-11-05T01:46:31.164458,Sharia,Coll,15 Summit Lane,Richmond,Virginia,23242,578
579,2023-11-05T01:46:31.164458,Orton,Purkiss,02606 Mendota Junction,New Orleans,Louisiana,70160,579
580,2023-11-05T01:46:31.164458,York,Abrahmovici,5 Bluestem Drive,Oakland,California,94616,580
581,2023-11-05T01:46:31.164458,Leigh,Lensch,20657 Mandrake Drive,Columbus,Ohio,43220,581
582,2023-11-05T01:46:31.164458,Berne,Gerbel,61376 Dexter Alley,Miami,Florida,33164,582
583,2023-11-05T01:46:31.164458,Wallace,De la croix,564 Longview Circle,El Paso,Texas,79999,583
584,2023-11-05T01:46:31.164458,Royall,Atteridge,9342 Heffernan Junction,Lexington,Kentucky,40596,584
585,2023-11-05T01:46:31.164458,Riordan,Saintpierre,20841 Mayfield Terrace,Jacksonville,Florida,32244,585
586,2023-11-05T01:46:31.164458,Orson,Rubinovitsch,22 Badeau Place,Kalamazoo,Michigan,49048,586
587,2023-11-05T01:46:31.164458,Basile,Fahey,99549 Dapin Circle,Saint Joseph,Missouri,64504,587
588,2023-11-05T01:46:31.164458,Rozanne,Wetherburn,68316 Garrison Drive,Wichita,Kansas,67260,588
589,2023-11-05T01:46:31.164458,Haily,Janew,45511 Buena Vista Avenue,Cincinnati,Ohio,45213,589
590,2023-11-05T01:46:31.164458,Reyna,Neames,3 Anniversary Court,Washington,District of Columbia,20029,590
591,2023-11-05T01:46:31.164458,Duffie,Piddlesden,53 Crest Line Parkway,Los Angeles,California,90094,591
592,2023-11-05T01:46:31.164458,Marybeth,Hlavac,6566 Longview Plaza,Topeka,Kansas,66667,592
593,2023-11-05T01:46:31.164458,Tibold,Gaine of England,36 Northfield Alley,Minneapolis,Minnesota,55441,593
594,2023-11-05T01:46:31.164458,Karoline,Storek,7234 Bashford Junction,Irvine,California,92619,594
595,2023-11-05T01:46:31.164458,Byran,Lampbrecht,662 Iowa Circle,Atlanta,Georgia,31132,595
596,2023-11-05T01:46:31.164458,Zaneta,Janak,135 Westerfield Park,Huntsville,Alabama,35895,596
597,2023-11-05T01:46:31.164458,Eudora,Glasebrook,06931 Monica Road,Brooklyn,New York,11241,597
598,2023-11-05T01:46:31.164458,Armando,Stoller,29831 Sullivan Avenue,Birmingham,Alabama,35242,598
599,2023-11-05T01:46:31.164458,Mace,Nesey,48 Iowa Avenue,Philadelphia,Pennsylvania,19196,599
600,2023-11-05T01:46:31.164458,Donna,Mecchi,02932 La Follette Way,Alexandria,Virginia,22333,600
601,2023-11-05T01:46:31.164458,Shelby,Checcucci,88719 Stone Corner Point,Lubbock,Texas,79410,601
602,2023-11-05T01:46:31.164458,Yvon,Ligertwood,3276 Thompson Point,Corpus Christi,Texas,78465,602
603,2023-11-05T01:46:31.164458,Charlot,Pawfoot,44126 Bonner Center,Charlotte,North Carolina,28225,603
604,2023-11-05T01:46:31.164458,Lemar,Schowenburg,174 Cottonwood Crossing,Little Rock,Arkansas,72204,604
605,2023-11-05T01:46:31.164458,Serene,de Mendoza,67 Stone Corner Road,New Orleans,Louisiana,70142,605
606,2023-11-05T01:46:31.164458,Auberon,Clinnick,005 North Pass,Saint Louis,Missouri,63196,606
607,2023-11-05T01:46:31.164458,Drona,Brendeke,41 Brown Place,Lakewood,Washington,98498,607
608,2023-11-05T01:46:31.164458,Sabina,Audenis,35848 Truax Point,Washington,District of Columbia,20226,608
609,2023-11-05T01:46:31.164458,Riki,Cutchey,034 Straubel Avenue,Baton Rouge,Louisiana,70836,609
610,2023-11-05T01:46:31.164458,Wren,Pawfoot,50148 Moulton Trail,Saint Paul,Minnesota,55114,610
611,2023-11-05T01:46:31.164458,Dosi,Moult,18 Pennsylvania Way,Des Moines,Iowa,50393,611
612,2023-11-05T01:46:31.164458,Rudolf,Zmitrichenko,69244 Roth Crossing,Saint Cloud,Minnesota,56398,612
613,2023-11-05T01:46:31.164458,Perla,Pakeman,074 High Crossing Drive,Memphis,Tennessee,38168,613
614,2023-11-05T01:46:31.164458,Cathee,Iffland,7 Hoard Plaza,Cape Coral,Florida,33915,614
615,2023-11-05T01:46:31.164458,Marcelline,Henrys,80 Paget Center,Des Moines,Iowa,50305,615
616,2023-11-05T01:46:31.164458,Wes,Atcock,43 Farmco Drive,Las Vegas,Nevada,89120,616
617,2023-11-05T01:46:31.164458,Hadrian,Coultous,361 Iowa Way,Corpus Christi,Texas,78410,617
618,2023-11-05T01:46:31.164458,Cristen,Woolens,539 Forster Way,Orlando,Florida,32854,618
619,2023-11-05T01:46:31.164458,Jeanne,Klimochkin,433 Stuart Way,Naples,Florida,33961,619
620,2023-11-05T01:46:31.164458,Rowena,Jelly,101 Rigney Park,San Antonio,Texas,78205,620
621,2023-11-05T01:46:31.164458,Doralyn,Stoggell,44307 Victoria Crossing,Buffalo,New York,14205,621
622,2023-11-05T01:46:31.164458,Rolfe,Dummigan,34068 Bunker Hill Terrace,Honolulu,Hawaii,96825,622
623,2023-11-05T01:46:31.164458,Arliene,Nequest,537 Lindbergh Crossing,Allentown,Pennsylvania,18105,623
624,2023-11-05T01:46:31.164458,Thatch,Strongman,59 Jay Trail,Naples,Florida,33961,624
625,2023-11-05T01:46:31.164458,Oby,Clever,7661 Monterey Junction,Ashburn,Virginia,22093,625
626,2023-11-05T01:46:31.164458,Keir,Sime,49872 Hanson Junction,Muskegon,Michigan,49444,626
627,2023-11-05T01:46:31.164458,Coraline,McCrystal,975 Eagan Place,Terre Haute,Indiana,47812,627
628,2023-11-05T01:46:31.164458,Pooh,Robertsson,4 Scott Road,San Antonio,Texas,78210,628
629,2023-11-05T01:46:31.164458,Adena,Bierman,00 Almo Park,Dallas,Texas,75231,629
630,2023-11-05T01:46:31.164458,Dyan,Hanney,3 Clemons Trail,Anchorage,Alaska,99599,630
631,2023-11-05T01:46:31.164458,Jacqui,Bockh,4247 Rockefeller Lane,Louisville,Kentucky,40220,631
632,2023-11-05T01:46:31.164458,Kristel,Peete,2295 Cody Trail,Washington,District of Columbia,56944,632
633,2023-11-05T01:46:31.164458,Madeline,Chard,7088 Sundown Pass,Allentown,Pennsylvania,18105,633
634,2023-11-05T01:46:31.164458,Vassily,Pawle,870 Porter Parkway,Edmond,Oklahoma,73034,634
635,2023-11-05T01:46:31.164458,Gabi,Sinott,154 Cordelia Pass,Corpus Christi,Texas,78426,635
636,2023-11-05T01:46:31.164458,Roderigo,Moysey,70 Fair Oaks Pass,Virginia Beach,Virginia,23459,636
637,2023-11-05T01:46:31.164458,Benedict,Lauret,476 Vera Street,Waco,Texas,76711,637
638,2023-11-05T01:46:31.164458,Joelie,Wreight,843 Rusk Hill,Charleston,West Virginia,25336,638
639,2023-11-05T01:46:31.164458,Coral,Dashkovich,92 Alpine Trail,Seattle,Washington,98158,639
640,2023-11-05T01:46:31.164458,Nickolas,Lilion,3 Dunning Hill,Richmond,California,94807,640
641,2023-11-05T01:46:31.164458,Faunie,Voisey,484 Little Fleur Court,Providence,Rhode Island,02912,641
642,2023-11-05T01:46:31.164458,Ilse,Alexandrou,8 Village Green Parkway,Tallahassee,Florida,32314,642
643,2023-11-05T01:46:31.164458,Alwin,McMeanma,300 East Street,Sacramento,California,94280,643
644,2023-11-05T01:46:31.164458,Eugenio,Dinsey,6830 Blackbird Avenue,Boston,Massachusetts,02109,644
645,2023-11-05T01:46:31.164458,Kaine,Crinion,78779 Towne Place,Minneapolis,Minnesota,55428,645
646,2023-11-05T01:46:31.164458,Joycelin,Husher,87 Tomscot Trail,Beaufort,South Carolina,29905,646
647,2023-11-05T01:46:31.164458,Hastings,Manwaring,7 Ramsey Hill,Pinellas Park,Florida,34665,647
648,2023-11-05T01:46:31.164458,Ara,Fairfull,6331 Nobel Trail,Norcross,Georgia,30092,648
649,2023-11-05T01:46:31.164458,Janette,Maginot,00856 Sunbrook Drive,Lancaster,Pennsylvania,17605,649
650,2023-11-05T01:46:31.164458,Karoly,Welfair,4 Elka Road,Tucson,Arizona,85732,650
651,2023-11-05T01:46:31.164458,Clim,Nystrom,814 Alpine Avenue,Tempe,Arizona,85284,651
652,2023-11-05T01:46:31.164458,Donnamarie,Batrop,1296 Sycamore Point,Gastonia,North Carolina,28055,652
653,2023-11-05T01:46:31.164458,Fayina,Jacobssen,4912 Lakeland Terrace,Muskegon,Michigan,49444,653
654,2023-11-05T01:46:31.164458,Dasie,Rotlauf,43 Sunbrook Circle,Worcester,Massachusetts,01654,654
655,2023-11-05T01:46:31.164458,Miles,Rimell,8 Larry Lane,Dayton,Ohio,45408,655
656,2023-11-05T01:46:31.164458,Robina,Mapledoram,560 Artisan Terrace,Nashville,Tennessee,37245,656
657,2023-11-05T01:46:31.164458,Priscilla,Pala,332 Graceland Court,Columbus,Ohio,43226,657
658,2023-11-05T01:46:31.164458,Sada,Dach,46217 North Terrace,Tempe,Arizona,85284,658
659,2023-11-05T01:46:31.164458,Hector,Bodicam,58679 Grasskamp Crossing,Tampa,Florida,33647,659
660,2023-11-05T01:46:31.164458,Paton,Haines,09508 Kings Park,Naples,Florida,34102,660
661,2023-11-05T01:46:31.164458,Anabelle,Held,7 Buena Vista Trail,Saint Louis,Missouri,63121,661
662,2023-11-05T01:46:31.164458,Aurie,Minchinton,21181 Summer Ridge Crossing,Buffalo,New York,14276,662
663,2023-11-05T01:46:31.164458,Nada,Sivyour,45 Blue Bill Park Hill,Tacoma,Washington,98424,663
664,2023-11-05T01:46:31.164458,Leroi,Berzons,53 Bluestem Point,Washington,District of Columbia,20205,664
665,2023-11-05T01:46:31.164458,Chev,Oblein,97136 Judy Plaza,Long Beach,California,90810,665
666,2023-11-05T01:46:31.164458,Northrup,Woodwind,77 Sutteridge Drive,Washington,District of Columbia,20260,666
667,2023-11-05T01:46:31.164458,Dewey,Coulter,35495 Kingsford Plaza,Littleton,Colorado,80127,667
668,2023-11-05T01:46:31.164458,Gillan,Kalderon,7 Haas Hill,Knoxville,Tennessee,37939,668
669,2023-11-05T01:46:31.164458,Henrietta,Stollman,29862 Jackson Drive,El Paso,Texas,88535,669
670,2023-11-05T01:46:31.164458,Gabbi,Humbee,1 Novick Circle,Lincoln,Nebraska,68505,670
671,2023-11-05T01:46:31.164458,Ephrayim,Rotham,750 Transport Street,High Point,North Carolina,27264,671
672,2023-11-05T01:46:31.164458,Gloriane,Jarvis,943 Coleman Way,Salem,Oregon,97306,672
673,2023-11-05T01:46:31.164458,Locke,Purcell,79 Oxford Center,Atlanta,Georgia,31106,673
674,2023-11-05T01:46:31.164458,Rory,Crux,3330 Bluejay Street,Atlanta,Georgia,30351,674
675,2023-11-05T01:46:31.164458,Cherie,Sollett,82 Iowa Junction,Minneapolis,Minnesota,55436,675
676,2023-11-05T01:46:31.164458,Gavra,Terrans,0 Elka Court,Honolulu,Hawaii,96820,676
677,2023-11-05T01:46:31.164458,Kesley,Fransewich,695 Arapahoe Pass,Columbus,Ohio,43284,677
678,2023-11-05T01:46:31.164458,Glenden,Shay,4050 Rockefeller Street,New York City,New York,10004,678
679,2023-11-05T01:46:31.164458,Colas,Smale,68783 Towne Circle,Columbus,Mississippi,39705,679
680,2023-11-05T01:46:31.164458,Rudyard,Labadini,52 Pankratz Street,Chico,California,95973,680
681,2023-11-05T01:46:31.164458,Chris,Mattisson,684 Johnson Place,San Francisco,California,94110,681
682,2023-11-05T01:46:31.164458,Fitzgerald,Ellsbury,6120 High Crossing Trail,Temple,Texas,76505,682
683,2023-11-05T01:46:31.164458,Camille,Ciobutaru,02594 Blue Bill Park Way,Cleveland,Ohio,44130,683
684,2023-11-05T01:46:31.164458,Hedy,Cabbell,14838 Ronald Regan Alley,Roanoke,Virginia,24020,684
685,2023-11-05T01:46:31.164458,Malia,Whittam,17 Bellgrove Trail,Newark,New Jersey,07104,685
686,2023-11-05T01:46:31.164458,Avie,Clayton,222 Village Court,Trenton,New Jersey,08638,686
687,2023-11-05T01:46:31.164458,Lodovico,Hazlehurst,5541 Lunder Parkway,Fort Worth,Texas,76134,687
688,2023-11-05T01:46:31.164458,Martie,Izachik,8 Granby Pass,Paterson,New Jersey,07522,688
689,2023-11-05T01:46:31.164458,Craggy,Barbery,608 Oak Parkway,Yakima,Washington,98907,689
690,2023-11-05T01:46:31.164458,Arlette,Quinnelly,5 Scoville Way,Young America,Minnesota,55557,690
691,2023-11-05T01:46:31.164458,Maurits,Rorke,5013 Goodland Court,Houston,Texas,77250,691
692,2023-11-05T01:46:31.164458,Paton,Guilfoyle,6 Bowman Alley,Louisville,Kentucky,40225,692
693,2023-11-05T01:46:31.164458,Clemente,Eames,3675 Elmside Point,Stockton,California,95205,693
694,2023-11-05T01:46:31.164458,Rochester,McQuorkell,562 Namekagon Road,Pueblo,Colorado,81015,694
695,2023-11-05T01:46:31.164458,Selma,Bascomb,373 Reindahl Court,Atlanta,Georgia,30380,695
696,2023-11-05T01:46:31.164458,Stanton,Aharoni,8 Mosinee Place,Philadelphia,Pennsylvania,19172,696
697,2023-11-05T01:46:31.164458,Gail,Heliet,9973 Daystar Way,Fresno,California,93721,697
698,2023-11-05T01:46:31.164458,Marlene,Overshott,2534 Service Street,Amarillo,Texas,79165,698
699,2023-11-05T01:46:31.164458,Erhart,Folder,7093 Anderson Road,San Jose,California,95123,699
700,2023-11-05T01:46:31.164458,Serene,Gettins,08 Oak Valley Parkway,Detroit,Michigan,48232,700
701,2023-11-05T01:46:31.164458,Tynan,Rippen,6 Lawn Street,Gary,Indiana,46406,701
702,2023-11-05T01:46:31.164458,Hastie,Crowthe,9 Forest Dale Lane,Tacoma,Washington,98481,702
703,2023-11-05T01:46:31.164458,Kania,Dolton,89 Annamark Street,Monticello,Minnesota,55585,703
704,2023-11-05T01:46:31.164458,Harley,Frazer,03427 Glendale Drive,Washington,District of Columbia,20337,704
705,2023-11-05T01:46:31.164458,Suzie,Beuscher,7822 Farwell Alley,Fullerton,California,92835,705
706,2023-11-05T01:46:31.164458,Cece,Rainy,045 Melvin Pass,Miami,Florida,33164,706
707,2023-11-05T01:46:31.164458,Korie,Yewen,92227 Lillian Avenue,Charlotte,North Carolina,28235,707
708,2023-11-05T01:46:31.164458,Gardie,Cowin,60 Myrtle Terrace,Fresno,California,93762,708
709,2023-11-05T01:46:31.164458,Florentia,Burkwood,308 Monica Lane,Fayetteville,North Carolina,28314,709
710,2023-11-05T01:46:31.164458,Bealle,Charnley,33 Manitowish Court,New Hyde Park,New York,11044,710
711,2023-11-05T01:46:31.164458,Bentley,Fear,2531 Mesta Trail,Macon,Georgia,31210,711
712,2023-11-05T01:46:31.164458,Thorin,Greeve,3307 Grim Hill,Mobile,Alabama,36670,712
713,2023-11-05T01:46:31.164458,Rodge,Conisbee,49 David Place,Nashville,Tennessee,37250,713
714,2023-11-05T01:46:31.164458,Kizzee,Guiso,8873 Oxford Point,Danbury,Connecticut,06816,714
715,2023-11-05T01:46:31.164458,Dickie,Jannasch,95 Talisman Avenue,Albuquerque,New Mexico,87180,715
716,2023-11-05T01:46:31.164458,Annice,Branigan,2609 Mallory Place,Houston,Texas,77050,716
717,2023-11-05T01:46:31.164458,Malory,Van T'Hoog,0 Macpherson Street,Pasadena,Texas,77505,717
718,2023-11-05T01:46:31.164458,Karrah,Smalcombe,5322 Cambridge Avenue,Amarillo,Texas,79182,718
719,2023-11-05T01:46:31.164458,Bettye,McGown,87 Menomonie Drive,Springfield,Illinois,62756,719
720,2023-11-05T01:46:31.164458,Gordy,Bernardinelli,2143 Continental Park,Palmdale,California,93591,720
721,2023-11-05T01:46:31.164458,Colby,Kahen,9 Monument Junction,Cincinnati,Ohio,45213,721
722,2023-11-05T01:46:31.164458,Anna-diana,Malkie,3864 Stone Corner Place,Oklahoma City,Oklahoma,73167,722
723,2023-11-05T01:46:31.164458,Constancia,Lattos,055 Dovetail Alley,Hartford,Connecticut,06183,723
724,2023-11-05T01:46:31.164458,Quinn,Pietrowski,04 Spenser Way,Midland,Texas,79710,724
725,2023-11-05T01:46:31.164458,Cassandry,Bainbrigge,0728 Carpenter Point,Kalamazoo,Michigan,49048,725
726,2023-11-05T01:46:31.164458,Sansone,Legion,3314 Delladonna Trail,Tallahassee,Florida,32399,726
727,2023-11-05T01:46:31.164458,Lonee,Carnell,09 Springs Alley,Brooklyn,New York,11236,727
728,2023-11-05T01:46:31.164458,Bailey,Ivancevic,10972 Pond Pass,Philadelphia,Pennsylvania,19120,728
729,2023-11-05T01:46:31.164458,Gisele,Vankov,44 Spohn Way,San Antonio,Texas,78215,729
730,2023-11-05T01:46:31.164458,Harmon,Ezzy,87 International Lane,Birmingham,Alabama,35279,730
731,2023-11-05T01:46:31.164458,Vitoria,Figg,359 Anzinger Road,Waco,Texas,76796,731
732,2023-11-05T01:46:31.164458,Tadd,Ducker,0653 Anniversary Center,Naples,Florida,33963,732
733,2023-11-05T01:46:31.164458,De witt,Balshaw,6582 North Point,Savannah,Georgia,31422,733
734,2023-11-05T01:46:31.164458,Cayla,Franschini,962 Holmberg Street,Fullerton,California,92640,734
735,2023-11-05T01:46:31.164458,Rasia,Eaglesham,16 Hansons Avenue,El Paso,Texas,79923,735
736,2023-11-05T01:46:31.164458,Pieter,Bartaletti,043 Oak Valley Plaza,Flint,Michigan,48505,736
737,2023-11-05T01:46:31.164458,Andreana,Fontanet,9 Gulseth Drive,Largo,Florida,33777,737
738,2023-11-05T01:46:31.164458,Elbert,Angier,64 Butterfield Center,Tucson,Arizona,85732,738
739,2023-11-05T01:46:31.164458,Reggy,Lydster,4770 Waubesa Park,Corpus Christi,Texas,78410,739
740,2023-11-05T01:46:31.164458,Paulie,Duell,79166 Basil Junction,Chicago,Illinois,60646,740
741,2023-11-05T01:46:31.164458,Margarita,Polhill,88 Buena Vista Drive,Tulsa,Oklahoma,74141,741
742,2023-11-05T01:46:31.164458,Johnna,McMylor,0 West Trail,Portsmouth,Virginia,23705,742
743,2023-11-05T01:46:31.164458,Lurette,Timewell,9 Drewry Parkway,Tucson,Arizona,85748,743
744,2023-11-05T01:46:31.164458,Maurie,Morgen,6 Express Court,Salt Lake City,Utah,84170,744
745,2023-11-05T01:46:31.164458,Idaline,Caldeiro,64 Pine View Pass,Virginia Beach,Virginia,23464,745
746,2023-11-05T01:46:31.164458,Dickie,Mc Pake,1 Jay Circle,Charleston,West Virginia,25356,746
747,2023-11-05T01:46:31.164458,Tully,Shord,17 Mccormick Lane,Phoenix,Arizona,85067,747
748,2023-11-05T01:46:31.164458,Homerus,Langlois,097 Hoard Lane,Jersey City,New Jersey,07310,748
749,2023-11-05T01:46:31.164458,Cornie,Hertwell,253 Bayside Trail,Wilmington,North Carolina,28410,749
750,2023-11-05T01:46:31.164458,Bev,Woolger,830 Maple Wood Terrace,Albany,New York,12247,750
751,2023-11-05T01:46:31.164458,Bambi,Buttrum,75 Victoria Pass,Hartford,Connecticut,06152,751
752,2023-11-05T01:46:31.164458,Gladys,Jahndel,91481 Reindahl Terrace,Visalia,California,93291,752
753,2023-11-05T01:46:31.164458,Danit,Cato,74 Grayhawk Court,Miami,Florida,33111,753
754,2023-11-05T01:46:31.164458,Maria,Gauche,629 Johnson Alley,Charlotte,North Carolina,28220,754
755,2023-11-05T01:46:31.164458,Garreth,Larking,770 Lotheville Pass,Alexandria,Virginia,22309,755
756,2023-11-05T01:46:31.164458,Miltie,Bamford,50787 Marquette Way,San Rafael,California,94913,756
757,2023-11-05T01:46:31.164458,Rozalin,Gaskarth,62069 Village Green Lane,Las Vegas,Nevada,89125,757
758,2023-11-05T01:46:31.164458,Diena,Lightewood,76 Independence Park,Pittsburgh,Pennsylvania,15225,758
759,2023-11-05T01:46:31.164458,Kelcie,Cramond,1269 Mosinee Terrace,Port Charlotte,Florida,33954,759
760,2023-11-05T01:46:31.164458,Susy,Marguerite,3648 Reinke Street,Carlsbad,California,92013,760
761,2023-11-05T01:46:31.164458,Drew,Krier,33250 Little Fleur Point,Gainesville,Florida,32610,761
762,2023-11-05T01:46:31.164458,Shir,Stigger,008 Golf Course Avenue,Nashville,Tennessee,37215,762
763,2023-11-05T01:46:31.164458,Ranique,Swannick,91477 Oxford Circle,Atlanta,Georgia,31165,763
764,2023-11-05T01:46:31.164458,Elizabeth,Stook,5104 Maryland Place,Atlanta,Georgia,30343,764
765,2023-11-05T01:46:31.164458,Isaac,Bazylets,135 Northfield Street,Houston,Texas,77281,765
766,2023-11-05T01:46:31.164458,Rafaello,Leindecker,774 Ludington Hill,Myrtle Beach,South Carolina,29579,766
767,2023-11-05T01:46:31.164458,Tedie,Spark,37126 Shelley Center,Shawnee Mission,Kansas,66276,767
768,2023-11-05T01:46:31.164458,Rozamond,Jakubowicz,98123 Hanson Plaza,Newark,Delaware,19725,768
769,2023-11-05T01:46:31.164458,Pip,Ilyinski,0044 Grover Junction,Houston,Texas,77276,769
770,2023-11-05T01:46:31.164458,Sonia,Everill,31912 Memorial Junction,Kissimmee,Florida,34745,770
771,2023-11-05T01:46:31.164458,Fidole,Constantinou,3 Miller Point,Vancouver,Washington,98687,771
772,2023-11-05T01:46:31.164458,Tory,Waleran,52281 Northland Pass,Dallas,Texas,75221,772
773,2023-11-05T01:46:31.164458,Urbain,Meedendorpe,71 Superior Trail,Stockton,California,95210,773
774,2023-11-05T01:46:31.164458,Mortimer,Cardoso,0 Marcy Center,El Paso,Texas,79950,774
775,2023-11-05T01:46:31.164458,Kata,Fairman,59 Park Meadow Circle,Harrisburg,Pennsylvania,17140,775
776,2023-11-05T01:46:31.164458,Aile,Seymark,73558 2nd Terrace,Washington,District of Columbia,20456,776
777,2023-11-05T01:46:31.164458,Elise,Caverhill,42 Hoepker Hill,Orlando,Florida,32835,777
778,2023-11-05T01:46:31.164458,Byran,MacNish,714 Dovetail Drive,Gary,Indiana,46406,778
779,2023-11-05T01:46:31.164458,Nickolaus,Getcliffe,635 Butternut Pass,Houston,Texas,77090,779
780,2023-11-05T01:46:31.164458,Zola,Works,448 Golden Leaf Park,Tacoma,Washington,98405,780
781,2023-11-05T01:46:31.164458,Alric,Vedenisov,717 Jenifer Center,Long Beach,California,90847,781
782,2023-11-05T01:46:31.164458,Trumann,Birrane,5382 Hoepker Plaza,Colorado Springs,Colorado,80910,782
783,2023-11-05T01:46:31.164458,Federico,Turl,55 Pleasure Street,Albuquerque,New Mexico,87190,783
784,2023-11-05T01:46:31.164458,Chrotoem,Scrowby,83426 Rusk Trail,Miami,Florida,33180,784
785,2023-11-05T01:46:31.164458,Jacquetta,Satcher,1547 Jenna Center,Atlanta,Georgia,30343,785
786,2023-11-05T01:46:31.164458,Tracy,Coleford,0 Golf Course Junction,Oakland,California,94627,786
787,2023-11-05T01:46:31.164458,Cullin,Thying,70027 Grim Center,Charlotte,North Carolina,28225,787
788,2023-11-05T01:46:31.164458,Marlyn,Willock,8164 Chive Point,Duluth,Georgia,30096,788
789,2023-11-05T01:46:31.164458,Christoph,Lipson,07 Hauk Plaza,Daytona Beach,Florida,32123,789
790,2023-11-05T01:46:31.164458,Valentia,Pleavin,2369 Granby Street,San Diego,California,92121,790
791,2023-11-05T01:46:31.164458,Francesco,Brockett,23 Merrick Center,Wichita,Kansas,67215,791
792,2023-11-05T01:46:31.164458,Daria,Moxom,55016 Linden Parkway,Terre Haute,Indiana,47812,792
793,2023-11-05T01:46:31.164458,Basil,Housecroft,1934 Mayfield Hill,Zephyrhills,Florida,33543,793
794,2023-11-05T01:46:31.164458,Genna,Eringey,009 Golf View Parkway,San Jose,California,95194,794
795,2023-11-05T01:46:31.164458,Maureen,Gorries,8 Anderson Plaza,Daytona Beach,Florida,32118,795
796,2023-11-05T01:46:31.164458,Adrienne,Ickowics,901 Lunder Court,Littleton,Colorado,80126,796
797,2023-11-05T01:46:31.164458,Sigismundo,Hauxby,3623 Larry Way,Dallas,Texas,75367,797
798,2023-11-05T01:46:31.164458,Angil,Bannerman,73454 Schiller Pass,Brooklyn,New York,11247,798
799,2023-11-05T01:46:31.164458,Jack,Salvin,75084 Manufacturers Pass,Maple Plain,Minnesota,55579,799
800,2023-11-05T01:46:31.164458,Gardiner,Duplain,3 Maple Avenue,Spokane,Washington,99252,800
801,2023-11-05T01:46:31.164458,Tadeas,Helliwell,29933 Manitowish Place,San Antonio,Texas,78296,801
802,2023-11-05T01:46:31.164458,Lena,Lisciandri,520 Gale Junction,Washington,District of Columbia,20530,802
803,2023-11-05T01:46:31.164458,Patin,Borlease,07313 Green Ridge Alley,San Francisco,California,94177,803
804,2023-11-05T01:46:31.164458,Morgun,Norway,104 Beilfuss Crossing,Portsmouth,New Hampshire,00214,804
805,2023-11-05T01:46:31.164458,Lilia,Paslow,08524 Fremont Pass,San Diego,California,92110,805
806,2023-11-05T01:46:31.164458,Brandais,Chatwin,9243 Sutteridge Hill,San Antonio,Texas,78235,806
807,2023-11-05T01:46:31.164458,Cherish,Riccardini,09202 Prentice Crossing,Springfield,Massachusetts,01129,807
808,2023-11-05T01:46:31.164458,Danny,Sodeau,65299 Talmadge Road,Mesa,Arizona,85215,808
809,2023-11-05T01:46:31.164458,Maxy,Grieg,347 Lakewood Gardens Point,Sioux Falls,South Dakota,57110,809
810,2023-11-05T01:46:31.164458,Brandy,Rahl,01680 Lake View Street,Fairfield,Connecticut,06825,810
811,2023-11-05T01:46:31.164458,Hannis,Fincke,764 Scoville Trail,Dallas,Texas,75241,811
812,2023-11-05T01:46:31.164458,Isidore,Sopper,341 Kings Junction,Pittsburgh,Pennsylvania,15230,812
813,2023-11-05T01:46:31.164458,Zeb,Darko,917 Cardinal Circle,Norcross,Georgia,30092,813
814,2023-11-05T01:46:31.164458,Lay,Newick,6 Sauthoff Lane,San Diego,California,92153,814
815,2023-11-05T01:46:31.164458,Ardella,Pakes,299 Nova Trail,Washington,District of Columbia,20540,815
816,2023-11-05T01:46:31.164458,Kala,Hustler,6 Northland Way,Las Vegas,Nevada,89110,816
817,2023-11-05T01:46:31.164458,Esmeralda,Pickavant,87 Porter Junction,Dallas,Texas,75277,817
818,2023-11-05T01:46:31.164458,Alisun,Simner,5220 Mallory Circle,Flint,Michigan,48550,818
819,2023-11-05T01:46:31.164458,Dode,Yakubov,4 Waubesa Pass,Alexandria,Virginia,22313,819
820,2023-11-05T01:46:31.164458,Kit,Matzeitis,70645 Clemons Trail,Birmingham,Alabama,35295,820
821,2023-11-05T01:46:31.164458,Julita,Chilcotte,262 Buena Vista Alley,Evansville,Indiana,47725,821
822,2023-11-05T01:46:31.164458,Kinny,Kiss,32 Jay Park,Maple Plain,Minnesota,55572,822
823,2023-11-05T01:46:31.164458,Ashil,Featherstone,9302 Shopko Center,Honolulu,Hawaii,96820,823
824,2023-11-05T01:46:31.164458,Camille,Mettericke,4767 Fuller Alley,Cincinnati,Ohio,45208,824
825,2023-11-05T01:46:31.164458,Ertha,Quimby,5 Nancy Trail,New York City,New York,10004,825
826,2023-11-05T01:46:31.164458,Laureen,Hillburn,0 Katie Lane,Nashville,Tennessee,37250,826
827,2023-11-05T01:46:31.164458,Marlin,Dowsey,07 Bluestem Hill,Washington,District of Columbia,20046,827
828,2023-11-05T01:46:31.164458,Grantham,Petrusch,78 Buell Hill,Visalia,California,93291,828
829,2023-11-05T01:46:31.164458,Levi,Guard,80 Moose Avenue,Mountain View,California,94042,829
830,2023-11-05T01:46:31.164458,Adella,Rabbitts,422 Anzinger Drive,Miami,Florida,33185,830
831,2023-11-05T01:46:31.164458,Noah,Bunkle,516 Cardinal Pass,Oklahoma City,Oklahoma,73197,831
832,2023-11-05T01:46:31.164458,Stesha,Horlock,9 Waubesa Trail,Nashville,Tennessee,37245,832
833,2023-11-05T01:46:31.164458,Gale,Conisbee,2 Northwestern Trail,Atlanta,Georgia,31132,833
834,2023-11-05T01:46:31.164458,Deina,Braine,074 Golf Lane,Garland,Texas,75044,834
835,2023-11-05T01:46:31.164458,Jennine,Whitebrook,26 Shasta Court,Houston,Texas,77245,835
836,2023-11-05T01:46:31.164458,Yettie,Ilem,707 Leroy Way,Albany,New York,12222,836
837,2023-11-05T01:46:31.164458,Amabelle,Dunn,667 Beilfuss Point,Glendale,California,91210,837
838,2023-11-05T01:46:31.164458,Ajay,Swainsbury,06 Packers Plaza,Denver,Colorado,80249,838
839,2023-11-05T01:46:31.164458,Saudra,Banville,4 Loomis Pass,El Paso,Texas,88535,839
840,2023-11-05T01:46:31.164458,Judas,Godsal,14 Melrose Avenue,Winter Haven,Florida,33884,840
841,2023-11-05T01:46:31.164458,Ester,Airds,09755 Barnett Way,Anderson,Indiana,46015,841
842,2023-11-05T01:46:31.164458,Eve,Joutapavicius,78418 Cody Parkway,Bridgeport,Connecticut,06673,842
843,2023-11-05T01:46:31.164458,Tressa,Varker,44761 Washington Junction,Houston,Texas,77299,843
844,2023-11-05T01:46:31.164458,Doralia,Whiteland,955 Delladonna Park,Sacramento,California,95833,844
845,2023-11-05T01:46:31.164458,Erl,Harry,3364 Main Parkway,El Paso,Texas,79945,845
846,2023-11-05T01:46:31.164458,Bernita,Hachette,3826 Vidon Terrace,Detroit,Michigan,48275,846
847,2023-11-05T01:46:31.164458,Aura,Darey,21 Lien Point,Austin,Texas,78769,847
848,2023-11-05T01:46:31.164458,Sanders,Paniman,38891 Bowman Alley,Las Vegas,Nevada,89145,848
849,2023-11-05T01:46:31.164458,Vinnie,Farmiloe,0155 Kipling Point,Las Vegas,Nevada,89145,849
850,2023-11-05T01:46:31.164458,Beckie,Deegan,3054 Forest Run Hill,Mountain View,California,94042,850
851,2023-11-05T01:46:31.164458,Bengt,Oxbury,6 Arkansas Trail,Colorado Springs,Colorado,80915,851
852,2023-11-05T01:46:31.164458,Deeanne,Canas,01 Debra Point,Oakland,California,94616,852
853,2023-11-05T01:46:31.164458,Worthy,Connow,96 Barby Court,Dallas,Texas,75231,853
854,2023-11-05T01:46:31.164458,Seumas,Jurca,2 Westerfield Place,Philadelphia,Pennsylvania,19151,854
855,2023-11-05T01:46:31.164458,Tiebold,Pavier,62888 Little Fleur Center,Houston,Texas,77075,855
856,2023-11-05T01:46:31.164458,Doreen,Osban,04 Vidon Park,Springfield,Illinois,62718,856
857,2023-11-05T01:46:31.164458,Malchy,Batters,45236 Cambridge Circle,Tacoma,Washington,98481,857
858,2023-11-05T01:46:31.164458,Shurwood,Allanby,400 Clyde Gallagher Parkway,Dallas,Texas,75342,858
859,2023-11-05T01:46:31.164458,Geoffry,Creedland,8893 Macpherson Drive,Knoxville,Tennessee,37919,859
860,2023-11-05T01:46:31.164458,Tim,Glasser,87 Butterfield Terrace,Savannah,Georgia,31410,860
861,2023-11-05T01:46:31.164458,Dennison,Arney,4264 Lakewood Gardens Court,Bethesda,Maryland,20816,861
862,2023-11-05T01:46:31.164458,Gaspard,Pauler,73 Sachs Avenue,Saint Louis,Missouri,63158,862
863,2023-11-05T01:46:31.164458,Katy,Thams,982 Briar Crest Alley,Providence,Rhode Island,02912,863
864,2023-11-05T01:46:31.164458,Tammy,Sprull,2 Donald Lane,Atlanta,Georgia,31106,864
865,2023-11-05T01:46:31.164458,Gardie,Duer,08 Corry Terrace,Dallas,Texas,75310,865
866,2023-11-05T01:46:31.164458,Jenelle,Brouwer,87927 Myrtle Circle,Fresno,California,93740,866
867,2023-11-05T01:46:31.164458,Nevil,Branno,6928 Graceland Hill,Marietta,Georgia,30066,867
868,2023-11-05T01:46:31.164458,Wenona,Frensch,35170 Redwing Place,Iowa City,Iowa,52245,868
869,2023-11-05T01:46:31.164458,Randy,Fitton,0 Magdeline Terrace,Youngstown,Ohio,44555,869
870,2023-11-05T01:46:31.164458,Katinka,de Mullett,49372 Nobel Circle,Mobile,Alabama,36628,870
871,2023-11-05T01:46:31.164458,Harland,Bosdet,2587 6th Street,Salinas,California,93907,871
872,2023-11-05T01:46:31.164458,Benoite,Walentynowicz,0 Messerschmidt Lane,Mobile,Alabama,36622,872
873,2023-11-05T01:46:31.164458,Glynda,Ricardin,1432 Kropf Park,Albany,New York,12210,873
874,2023-11-05T01:46:31.164458,Casey,Winsom,06 Tennessee Street,Vancouver,Washington,98687,874
875,2023-11-05T01:46:31.164458,Birch,Pudsall,1 Dennis Pass,Herndon,Virginia,22070,875
876,2023-11-05T01:46:31.164458,Cindi,Tomasik,490 Sunfield Drive,Washington,District of Columbia,20022,876
877,2023-11-05T01:46:31.164458,Paula,Blackall,901 Tennessee Crossing,Pinellas Park,Florida,34665,877
878,2023-11-05T01:46:31.164458,Maurita,Slimming,48 Starling Road,El Paso,Texas,88558,878
879,2023-11-05T01:46:31.164458,Staci,Valente,857 Kenwood Junction,Long Beach,California,90810,879
880,2023-11-05T01:46:31.164458,Lindsey,Jessen,92 Dapin Hill,Fort Myers,Florida,33913,880
881,2023-11-05T01:46:31.164458,Melony,D'Orsay,956 Brickson Park Hill,Oakland,California,94622,881
882,2023-11-05T01:46:31.164458,Bard,Whifen,5 Farwell Pass,New York City,New York,10115,882
883,2023-11-05T01:46:31.164458,Meghan,Dubock,83 Grayhawk Point,Frankfort,Kentucky,40618,883
884,2023-11-05T01:46:31.164458,Tess,Coolbear,906 Logan Center,Philadelphia,Pennsylvania,19191,884
885,2023-11-05T01:46:31.164458,Giraud,Swadlin,12 Killdeer Avenue,Syracuse,New York,13224,885
886,2023-11-05T01:46:31.164458,Ulric,Bigrigg,0 Logan Crossing,Jamaica,New York,11436,886
887,2023-11-05T01:46:31.164458,Willdon,Drinkale,9 Meadow Ridge Street,Sarasota,Florida,34276,887
888,2023-11-05T01:46:31.164458,Brien,Valois,77040 Gina Circle,Saint Louis,Missouri,63126,888
889,2023-11-05T01:46:31.164458,Valentin,Drissell,210 Farmco Crossing,Fort Worth,Texas,76147,889
890,2023-11-05T01:46:31.164458,Thurston,Kluss,53 Thompson Avenue,Topeka,Kansas,66622,890
891,2023-11-05T01:46:31.164458,Tuckie,Chrstine,5 Rockefeller Lane,Amarillo,Texas,79159,891
892,2023-11-05T01:46:31.164458,Ralph,De Cruze,19 Delaware Hill,Indianapolis,Indiana,46202,892
893,2023-11-05T01:46:31.164458,Loella,Bathurst,7646 Northwestern Crossing,Cincinnati,Ohio,45213,893
894,2023-11-05T01:46:31.164458,Jerry,Swin,4874 Nelson Terrace,Miami,Florida,33190,894
895,2023-11-05T01:46:31.164458,Carny,McSparran,63 Erie Hill,Washington,District of Columbia,20041,895
896,2023-11-05T01:46:31.164458,Shepperd,Fruchter,7417 Haas Park,Naples,Florida,34102,896
897,2023-11-05T01:46:31.164458,Rori,Brookwell,290 La Follette Circle,Richmond,Virginia,23285,897
898,2023-11-05T01:46:31.164458,Cherianne,Kneale,4424 Colorado Street,Sacramento,California,95823,898
899,2023-11-05T01:46:31.164458,Melamie,Sutor,92298 Eagle Crest Lane,San Antonio,Texas,78296,899
900,2023-11-05T01:46:31.164458,Marget,Biernacki,4939 Roxbury Way,Washington,District of Columbia,20029,900
901,2023-11-05T01:46:31.164458,Leon,Stollsteimer,806 Norway Maple Court,Reading,Pennsylvania,19610,901
902,2023-11-05T01:46:31.164458,Nickie,Sautter,090 Harbort Alley,Scottsdale,Arizona,85271,902
903,2023-11-05T01:46:31.164458,Georgeta,Morcom,1456 Novick Point,Houston,Texas,77075,903
904,2023-11-05T01:46:31.164458,Alena,Humpage,0342 Cody Park,Houston,Texas,77218,904
905,2023-11-05T01:46:31.164458,Vernor,Gideon,58 Memorial Junction,Danbury,Connecticut,06816,905
906,2023-11-05T01:46:31.164458,Emmit,Huxter,95339 Packers Parkway,Richmond,Virginia,23277,906
907,2023-11-05T01:46:31.164458,Eal,Haycroft,6 Doe Crossing Street,Orlando,Florida,32808,907
908,2023-11-05T01:46:31.164458,Hillier,Scholey,33320 Atwood Plaza,Washington,District of Columbia,20051,908
909,2023-11-05T01:46:31.164458,Bradford,Phizacklea,89 Quincy Pass,Washington,District of Columbia,20268,909
910,2023-11-05T01:46:31.164458,Alicea,Raith,7 Goodland Pass,Athens,Georgia,30605,910
911,2023-11-05T01:46:31.164458,Shaw,Hastwall,9524 Sage Lane,Washington,District of Columbia,20456,911
912,2023-11-05T01:46:31.164458,Loy,Kinlock,8797 Bay Plaza,Fullerton,California,92835,912
913,2023-11-05T01:46:31.164458,Carla,Sivess,77 American Park,Brooklyn,New York,11236,913
914,2023-11-05T01:46:31.164458,Delia,Novill,37 Quincy Trail,Midland,Michigan,48670,914
915,2023-11-05T01:46:31.164458,Giana,Widdup,2 South Street,Winter Haven,Florida,33884,915
916,2023-11-05T01:46:31.164458,Kennie,Loines,76161 Swallow Crossing,Kansas City,Missouri,64101,916
917,2023-11-05T01:46:31.164458,Kelsey,Clews,7496 Meadow Valley Road,Richmond,Virginia,23260,917
918,2023-11-05T01:46:31.164458,Hamlen,Staynes,7 High Crossing Parkway,Alexandria,Virginia,22333,918
919,2023-11-05T01:46:31.164458,Lilah,Kyd,040 Bayside Crossing,Peoria,Illinois,61656,919
920,2023-11-05T01:46:31.164458,Shirline,Caukill,7 Judy Junction,Fort Worth,Texas,76115,920
921,2023-11-05T01:46:31.164458,Abraham,Thickett,48 Judy Place,Charleston,West Virginia,25305,921
922,2023-11-05T01:46:31.164458,Beitris,Dunning,181 Monterey Avenue,Temple,Texas,76505,922
923,2023-11-05T01:46:31.164458,Skylar,Goudy,8 Forest Dale Pass,New York City,New York,10034,923
924,2023-11-05T01:46:31.164458,Elias,Bentke,5172 Anhalt Terrace,Houston,Texas,77055,924
925,2023-11-05T01:46:31.164458,Em,Dive,5872 Nelson Point,Memphis,Tennessee,38119,925
926,2023-11-05T01:46:31.164458,Flossi,Boat,799 Elmside Road,Pittsburgh,Pennsylvania,15286,926
927,2023-11-05T01:46:31.164458,Valina,Blyden,2208 Tennessee Trail,Birmingham,Alabama,35225,927
928,2023-11-05T01:46:31.164458,Haleigh,Hyder,86197 Anhalt Drive,Beaumont,Texas,77713,928
929,2023-11-05T01:46:31.164458,Nathalia,Worral,03361 Thackeray Parkway,White Plains,New York,10633,929
930,2023-11-05T01:46:31.164458,Merle,Wilcockes,9 Hoffman Drive,Los Angeles,California,90094,930
931,2023-11-05T01:46:31.164458,Bessy,Strike,31554 Dennis Lane,Tucson,Arizona,85748,931
932,2023-11-05T01:46:31.164458,Storm,Jonathon,1 Shopko Center,Montgomery,Alabama,36134,932
933,2023-11-05T01:46:31.164458,Odessa,Kingcott,62 Pierstorff Terrace,Brooklyn,New York,11220,933
934,2023-11-05T01:46:31.164458,Ernestine,De Blasiis,10626 Lyons Circle,Dallas,Texas,75277,934
935,2023-11-05T01:46:31.164458,Axel,Tewnion,26 Troy Junction,New Orleans,Louisiana,70174,935
936,2023-11-05T01:46:31.164458,Shel,Epton,108 Graedel Alley,Washington,District of Columbia,20231,936
937,2023-11-05T01:46:31.164458,Bobby,Okeshott,59 Westend Terrace,Roanoke,Virginia,24020,937
938,2023-11-05T01:46:31.164458,Myranda,Aspey,33846 Schiller Street,Knoxville,Tennessee,37995,938
939,2023-11-05T01:46:31.164458,Bartel,MacNeely,2 Killdeer Plaza,Fort Pierce,Florida,34981,939
940,2023-11-05T01:46:31.164458,Alfy,Caslin,4537 Browning Point,Charleston,West Virginia,25326,940
941,2023-11-05T01:46:31.164458,Sharl,Housby,029 Straubel Avenue,Greenville,South Carolina,29610,941
942,2023-11-05T01:46:31.164458,Kippy,de Marco,9 Fisk Junction,Peoria,Illinois,61629,942
943,2023-11-05T01:46:31.164458,Burt,Ovington,007 Schiller Terrace,Atlanta,Georgia,30306,943
944,2023-11-05T01:46:31.164458,Sidoney,Greenmon,080 Anhalt Crossing,Topeka,Kansas,66611,944
945,2023-11-05T01:46:31.164458,Ardenia,Zanitti,56 Mitchell Road,Santa Monica,California,90405,945
946,2023-11-05T01:46:31.164458,Osgood,Ruske,82 Katie Park,Lakeland,Florida,33811,946
947,2023-11-05T01:46:31.164458,Keir,Feldhorn,24 Pleasure Pass,New York City,New York,10045,947
948,2023-11-05T01:46:31.164458,Joice,Paliser,50919 3rd Alley,Charlottesville,Virginia,22908,948
949,2023-11-05T01:46:31.164458,Elbertina,Mackieson,221 Carpenter Place,Toledo,Ohio,43656,949
950,2023-11-05T01:46:31.164458,Miles,Eyer,738 Park Meadow Trail,Newark,Delaware,19725,950
951,2023-11-05T01:46:31.164458,Sharon,Kliemchen,73476 Melrose Point,New Haven,Connecticut,06520,951
952,2023-11-05T01:46:31.164458,Haroun,Powney,940 Rigney Trail,Austin,Texas,78721,952
953,2023-11-05T01:46:31.164458,Brear,Hickford,82416 Forest Hill,Minneapolis,Minnesota,55417,953
954,2023-11-05T01:46:31.164458,Kendal,Flintiff,2 Del Mar Pass,Saint Paul,Minnesota,55115,954
955,2023-11-05T01:46:31.164458,Nikki,Drohan,8489 Vahlen Crossing,Memphis,Tennessee,38161,955
956,2023-11-05T01:46:31.164458,Abeu,Cleaveland,88 Sherman Hill,Pittsburgh,Pennsylvania,15230,956
957,2023-11-05T01:46:31.164458,Valentin,Babalola,4261 Jackson Lane,Tallahassee,Florida,32399,957
958,2023-11-05T01:46:31.164458,Fitz,Dolden,84 Buena Vista Terrace,Monticello,Minnesota,55565,958
959,2023-11-05T01:46:31.164458,Melisenda,Impett,979 Bultman Lane,Arlington,Texas,76096,959
960,2023-11-05T01:46:31.164458,Stephanie,Coughan,79865 Hallows Hill,Marietta,Georgia,30061,960
961,2023-11-05T01:46:31.164458,Evelyn,Narramore,1 Buell Plaza,Iowa City,Iowa,52245,961
962,2023-11-05T01:46:31.164458,Brod,D'Adda,6083 Golden Leaf Center,Colorado Springs,Colorado,80995,962
963,2023-11-05T01:46:31.164458,Julius,Vizor,8 West Park,Indianapolis,Indiana,46278,963
964,2023-11-05T01:46:31.164458,Bendix,Jacobowitz,24 Cody Terrace,Phoenix,Arizona,85077,964
965,2023-11-05T01:46:31.164458,Shamus,Lensch,119 Eagle Crest Place,San Jose,California,95138,965
966,2023-11-05T01:46:31.164458,Northrup,Carriage,71 Lake View Road,Greensboro,North Carolina,27409,966
967,2023-11-05T01:46:31.164458,Martynne,Sherwen,1 8th Place,Lexington,Kentucky,40515,967
968,2023-11-05T01:46:31.164458,Linell,Veness,781 Northland Parkway,Chattanooga,Tennessee,37416,968
969,2023-11-05T01:46:31.164458,Aleen,Langthorn,9 Aberg Court,Indianapolis,Indiana,46254,969
970,2023-11-05T01:46:31.164458,Pippy,Threlkeld,88197 Spohn Crossing,Louisville,Kentucky,40256,970
971,2023-11-05T01:46:31.164458,Zorah,Sweetsur,3 Talmadge Place,Stamford,Connecticut,06912,971
972,2023-11-05T01:46:31.164458,Malcolm,Rucklesse,673 Autumn Leaf Alley,Madison,Wisconsin,53716,972
973,2023-11-05T01:46:31.164458,Paolina,Attewell,0 Westport Terrace,Augusta,Georgia,30911,973
974,2023-11-05T01:46:31.164458,Cirstoforo,Laterza,73 Sage Trail,Anchorage,Alaska,99507,974
975,2023-11-05T01:46:31.164458,Sigfried,Gandy,09 Sommers Trail,Richmond,Virginia,23213,975
976,2023-11-05T01:46:31.164458,Jan,Dot,022 Browning Alley,Albany,New York,12255,976
977,2023-11-05T01:46:31.164458,Karrie,Deerness,391 Scoville Park,Albany,New York,12227,977
978,2023-11-05T01:46:31.164458,Ramsay,Hamson,226 Farmco Lane,Delray Beach,Florida,33448,978
979,2023-11-05T01:46:31.164458,Christabella,Macak,95 Comanche Road,Reston,Virginia,20195,979
980,2023-11-05T01:46:31.164458,Ermengarde,Casetta,56 Derek Road,Reno,Nevada,89510,980
981,2023-11-05T01:46:31.164458,Willi,Sawbridge,51601 Delaware Center,Arlington,Virginia,22225,981
982,2023-11-05T01:46:31.164458,Idelle,Aspinal,50 Duke Junction,Lansing,Michigan,48919,982
983,2023-11-05T01:46:31.164458,Rina,Yerby,628 Westend Trail,Huntsville,Alabama,35810,983
984,2023-11-05T01:46:31.164458,Danika,M'Quharg,25601 Grasskamp Avenue,Boulder,Colorado,80310,984
985,2023-11-05T01:46:31.164458,Clea,Doud,57605 Eliot Road,Montgomery,Alabama,36119,985
986,2023-11-05T01:46:31.164458,Zach,Clausius,1384 Norway Maple Junction,Pompano Beach,Florida,33069,986
987,2023-11-05T01:46:31.164458,Lynn,Stanman,07202 Stang Avenue,Atlanta,Georgia,30323,987
988,2023-11-05T01:46:31.164458,Aline,O'Gormley,4059 Rieder Plaza,Dayton,Ohio,45403,988
989,2023-11-05T01:46:31.164458,Catrina,Headington,52723 Scofield Street,Toledo,Ohio,43635,989
990,2023-11-05T01:46:31.164458,Chelsie,Spyvye,9831 Sunbrook Avenue,Jacksonville,Florida,32236,990
991,2023-11-05T01:46:31.164458,Magdalen,Lytlle,0 Golf Course Park,Watertown,Massachusetts,02472,991
992,2023-11-05T01:46:31.164458,Hamlin,Madine,3 Service Lane,Garden Grove,California,92645,992
993,2023-11-05T01:46:31.164458,Phillida,Eddisforth,2 Dayton Point,North Las Vegas,Nevada,89036,993
994,2023-11-05T01:46:31.164458,Danny,Aylmer,6598 Linden Place,Van Nuys,California,91499,994
995,2023-11-05T01:46:31.164458,Dorothea,Dumphrey,52 Mockingbird Parkway,Canton,Ohio,44710,995
996,2023-11-05T01:46:31.164458,Astrix,Insull,74193 Crownhardt Junction,Saint Paul,Minnesota,55108,996
997,2023-11-05T01:46:31.164458,Den,Wanek,4 Crest Line Parkway,Evansville,Indiana,47732,997
998,2023-11-05T01:46:31.164458,Hamnet,Leyburn,1 Redwing Place,Myrtle Beach,South Carolina,29579,998
999,2023-11-05T01:46:31.164458,Arlinda,Kenwright,26 Coolidge Parkway,Washington,District of Columbia,20088,999
1000,2023-11-05T01:46:31.164458,Aurthur,Kingman,318 Mifflin Hill,Tacoma,Washington,98405,1000
